Quary,Answer
南京市的支持政策文件有哪些？,关于组织开展2022年度第二批省星级上云企业创建工作的通知关于开展2023年江苏省智能制造示范工厂申报工作的通知。关于做好2022年度5G全连接工厂申报工作的通知。《推进企业创新促进产业高质量发展政策实施细则》无需企业申报，市工业和信息化局根据新认定的企业名单，经审查合格后，会同市财政局给予资金支持。。关于组织2023年度江苏省工业和信息产业转型升级专项资金项目申报入库的通知。关于2022年南京市工业和信息化发展专项资金项目申报的通知。关于印发《南京市推动专精特新中小企业高质量发展行动方案》《关于加快发展专精特新中小企业的若干措施》的通知（自2021年11月23日起施行）。关于开展2023年江苏省智能制造领军服务机构遴选推荐工作的通知。关于征集南京市第二批智能化改造和数字化转型服务商的通知。关于征集南京人工智能示范应用场景需求和典型应用案例的通知。关于开展2023年省规划布局内重点软件企业和专精特新软件企业培育入库工作的通知。关于开展2023年江苏省智能制造领军服务机构遴选推荐工作的通知。关于征集南京人工智能示范应用场景需求和典型应用案例的通知。关于开展2023年省规划布局内重点软件企业和专精特新软件企业培育入库工作的通知。关于组织2023年软件类关键核心技术攻关项目征集工作的通知。关于开展第四批省级绿色工厂暨第一批省级绿色工业园区推荐工作的通知（2023年4月26日）。关于开展2023年工业软件优秀产品及首版次工业软件产品应用试点项目征集的通知（2023年4月23日）。《南京市工业企业重大设备技改项目奖补实施办法》。市政府办公厅关于加强“四上”企业培育工作的实施意见。《南京市全力促进经济持续回升向好若干政策措施》。《溧水区支持制造业高质量发展十条政策（试行）》此为试行政策，具体奖补信息暂未出台发布时间：2020年3月24日（2023年不在实施）。溧水区支持制造业高质量发展政策(2023年)。关于印发《高淳区精准支持企业与产业链发展若干意见》的通知http://www.njgc.gov.cn/gcqrmzf/202310/t20231008_4025475.html修订周期：每年修订一次。http://www.njgl.gov.cn/glqrmzf/202306/t20230630_3951254.html区政府关于印发鼓楼区知识产权战略专项资金管理办法的通知。http://www.njgl.gov.cn/glzx/202307/t20230721_3967763.html鼓楼区专项政策、专项资金推动外贸高质量发展。“智改数转”专项资金管理办法-南京鼓楼区.pdf发布日期：2022年7月7日。江宁区促进经济持续回升向好若干政策措施(2023-2025)。江宁区关于强化投资促进推动制造业高质量发展政策措施。《江宁开发区专精特新企业高质量发展专项激励政策（专精特新八条）》依据《关于加快发展专精特新中小企业的若干措施》（宁政办发〔2021〕61号）。《栖霞区深入推进引领性国家创新型城市建设的若干政策措施》。《关于推进重点特色产业发展的若干政策举措（试行）》秦委发〔2022〕55号。《秦淮区加速打造引领性国家创新型城市示范区的若干政策举措》的实施细则。《雨花台区关于加快新型都市工业发展的政策意见》实施期2023年1-12月。
南京市的名为关于组织开展2022年度第二批省星级上云企业创建工作的通知的支持政策。,其发布时间是2022年9月30日。其项目名称是星级上云，其支持政策的具体内容是1、各项云服务均已连续使用不少于3个月且申报时仍在使用（上云时间计算截止到2022年9月30日，上云投入按2021年8月1日至2022年9月30日期间实际付款金额计算）。，其支持政策的奖补情况是自2022年10月9日起，在江苏省工业互联网示范企业公共服务平台中填报申报信息，并严格按照星级上云企业申报要求如实在平台上传项目申报电子版材料（附件2、3、4），平台关闭日期为2022年10月28日。。
南京市的名为关于开展2023年江苏省智能制造示范工厂申报工作的通知的支持政策。,其发布时间是2022年9月30日。其项目名称是江苏省智能制造示范工厂，其支持政策的具体内容是1、申报企业具有良好的智能制造基础，通过智能制造数据资源公共服务平台开展智能制造能力成熟度自评估，达到国家标准《智能制造能力成熟度模型》（GB/T39116-2020）二级及以上。2、申报工厂应符合江苏省智能制造示范工厂项目建设要点（附件1），使用的关键技术装备、工业软件须安全可控。，其支持政策的奖补情况是于2022年10月20日前将加盖有效公章的纸质版项目申报书（一式三份）、推荐审核情况表（附件3）、申报汇总表（附件4）以及推荐行文（一式两份）报送至市工业和信息化局信息化建设与发展处（联系人：裴玉蓉，电话：025-68788901），并将电子版文档发送至邮箱295672702@qq.com。。
南京市的名为关于做好2022年度5G全连接工厂申报工作的通知的支持政策。,其发布时间是2022年9月20日。其项目名称是5G全连接工厂，其支持政策的具体内容是1、申报项目应符合《5G全连接工厂建设指南》（附件1），使用的关键技术装备、工业软件须安全可控。2、申报项目须为已建成项目。已获得国家5G全连接工厂试点示范项目的，不再参与本次申报。，其支持政策的奖补情况是请各区（开发区）工信部门于2022年10月12日（周三）下班前将推荐项目的纸质版申报书、推荐项目汇总表（附件3）盖章后（一式两份）报至市工业和信息化局信息化建设与发展处，同步将电子版文档发送至指定邮箱。。
南京市的名为《推进企业创新促进产业高质量发展政策实施细则》无需企业申报，市工业和信息化局根据新认定的企业名单，经审查合格后，会同市财政局给予资金支持。的支持政策。,其发布时间是2022年3月1日。其项目名称是国家级服务型制造示范（包括示范企业、示范平台、示范项目），其支持政策的具体内容是对新认定的国家级服务型制造示范（包括示范企业、示范平台、示范项目）和国家级工业设计中心，给予最高100万元奖励。，其支持政策的奖补情况是请各区（开发区）工信部门于2022年10月12日（周三）下班前将推荐项目的纸质版申报书、推荐项目汇总表（附件3）盖章后（一式两份）报至市工业和信息化局信息化建设与发展处，同步将电子版文档发送至指定邮箱。。
南京市的名为关于组织2023年度江苏省工业和信息产业转型升级专项资金项目申报入库的通知的支持政策。,其发布时间是2022年11月8日。其项目名称是专项资金，其支持政策的具体内容是1、省申报通知明确，项目申报采取网上申报方式进行，申报单位在线填写申报表，并上传其他申报材料。推荐采用电子签名、签章，无法申请电子签名、签章的，应线下盖章后扫描上传至系统。2、各区（开发区）工信部门通过专项资金项目库管理系统审核本地区项目材料，未经审核通过的申报材料，市里不予受理。对审核通过的项目，由各区（开发区）工信部门会同财政部门联合行文上报（请示件纸质2份），并附申报系统自动生成的推荐项目汇总表（工信、财政加盖单位公章，2份），2022年11月18日前报送市工业和信息化局综合规划与投资处，并扫描上传系统，线上审核同步完成。11月24日前，市工业和信息化局各条线处室完成线上审核，推送到综合规划与投资处。3、企业网上申报开始时间为2022年10月24日，各区（开发区）初审并报送联合行文截止时间为2022年11月18日，过时不再受理。，其支持政策的奖补情况是2022年11月18日前报送市工业和信息化局综合规划与投资处，并扫描上传系统，线上审核同步完成。11月24日前，市工业和信息化局各条线处室完成线上审核，推送到综合规划与投资处。企业网上申报开始时间为2022年10月24日，各区（开发区）初审并报送联合行文截止时间为2022年11月18日，过时不再受理。。
南京市的名为关于2022年南京市工业和信息化发展专项资金项目申报的通知的支持政策。,其发布时间是2022年10月21日。其项目名称是智能制造示范工厂项目，其支持政策的具体内容是1、项目总投入须不低于2000万元。2、项目备案（核准）、环评、能评等手续完备。3、项目在2022年6月30日（含）前已建成并正常投产使用，并在项目申报截止日期前由项目推荐单位完成验收工作（须由项目推荐单位出具验收意见）。4、同等条件下，智能制造示范工厂项目优先支持列入2021年度国家智能制造示范工厂揭榜单位、2022年度江苏省省级智能制造示范工厂名单的企业。，其支持政策的奖补情况是项目申报采取网上申报方式进行，在南京市工业和信息化局官网或“宁企通”平台上，点击“南京市工业和信息化发展专项资金项目申报和监管平台”进入申报页面，在线填写项目申报表，并上传其他申报材料。网上申报受理时间为2022年10月25日至2022年11月10日，逾期不再受理申报。。其项目名称是智能制造示范车间项目，其支持政策的具体内容是1、项目总投入须不低于500万元。2、项目备案（核准）、环评、能评等手续完备。3、项目在2022年6月30日（含）前已建成并正常投产使用，并在项目申报截止日期前由项目推荐单位完成验收工作（须由项目推荐单位出具验收意见）。4、同等条件下，智能制造示范车间项目优先支持列入2021年度江苏省省级智能制造示范车间名单的企业。，其支持政策的奖补情况是项目申报采取网上申报方式进行，在南京市工业和信息化局官网或“宁企通”平台上，点击“南京市工业和信息化发展专项资金项目申报和监管平台”进入申报页面，在线填写项目申报表，并上传其他申报材料。网上申报受理时间为2022年10月25日至2022年11月10日，逾期不再受理申报。。其项目名称是工业互联网平台项目，其支持政策的具体内容是1、项目总投入不低于500万元，且软件投入（购置费、合作费、集成费）不少于总投入的30%，人工费用不超过总投入的20%。2、项目在2022年6月30日（含）前已建成并正常投入使用，并在项目申报截止日期前由项目推荐单位完成验收工作（须由项目推荐单位出具验收意见）。3、同等条件下，对2021年以来认定的省（含）以上重点工业互联网平台优先予以支持。，其支持政策的奖补情况是项目申报采取网上申报方式进行，在南京市工业和信息化局官网或“宁企通”平台上，点击“南京市工业和信息化发展专项资金项目申报和监管平台”进入申报页面，在线填写项目申报表，并上传其他申报材料。网上申报受理时间为2022年10月25日至2022年11月10日，逾期不再受理申报。。其项目名称是5G基站建设项目，其支持政策的具体内容是1、项目在2022年1月1日以后启动，且须在2022年底前建设完成并投入使用。，其支持政策的奖补情况是项目申报采取网上申报方式进行，在南京市工业和信息化局官网或“宁企通”平台上，点击“南京市工业和信息化发展专项资金项目申报和监管平台”进入申报页面，在线填写项目申报表，并上传其他申报材料。网上申报受理时间为2022年10月25日至2022年11月10日，逾期不再受理申报。。
南京市的名为关于印发《南京市推动专精特新中小企业高质量发展行动方案》《关于加快发展专精特新中小企业的若干措施》的通知（自2021年11月23日起施行）的支持政策。,其发布时间是2021年11月19日。其项目名称是专精特新中小企业，其支持政策的具体内容是1、项目在2022年1月1日以后启动，且须在2022年底前建设完成并投入使用。，其支持政策的奖补情况是项目申报采取网上申报方式进行，在南京市工业和信息化局官网或“宁企通”平台上，点击“南京市工业和信息化发展专项资金项目申报和监管平台”进入申报页面，在线填写项目申报表，并上传其他申报材料。网上申报受理时间为2022年10月25日至2022年11月10日，逾期不再受理申报。。
南京市的名为关于开展2023年江苏省智能制造领军服务机构遴选推荐工作的通知的支持政策。,其发布时间是2023年3月17日。其项目名称是江苏省智能制造领军服务机构，其支持政策的具体内容是一、申报条件申报单位应符合以下条件：（一）在江苏省域内注册、具有独立法人资格且正常经营一年以上（截至2022年12月31日）。（二）2022年主营业务收入不少于3000万元，具有健全的财务管理机构和制度。（三）诚信守法，近三年内未发生重大及以上安全、环保、质量事故，无严重失信行为。（四）具有较强的综合集成服务能力和完善的服务体系，在申报行业具有良好的品牌影响力和资源整合力，已经形成3个及以上可复制、可推广、示范性强的场景案例。（五）拥有自主核心技术，其中智能制造系统集成技术相关的授权专利不少于6项（发明专利不少于1项）或与智能制造相关的软件著作权不少于10项，且近三年内无知识产权侵权行为。（六）符合国家智能制造系统解决方案供应商联盟发布的《智能制造系统解决方案供应商规范条件》规定条件的，优先遴选推荐。，其支持政策的奖补情况是二、有关要求（一）请申报单位编制《江苏省智能制造领军服务机构申报书》，向所在区、开发区工信主管部门申请。申报单位对申报材料的真实性负责。（二）请各区、开发区工信主管部门高度重视，按照通知要求，积极组织辖区内符合条件的单位申报。各区、开发区工信主管部门对申报单位申报材料严格审核把关，切实提高申报工作质量，并于4月10日前向市工信局正式行文上报申报书（一式三份）、汇总表等文件，电子版文件发送至联系人邮箱，逾期将不予受理。（三）市工信局将根据各区上报情况择优推荐。入选单位将纳入省制造业智改数转服务资源池统一管理，省工信厅将组织专家或委托第三方进行评价。入选单位应主动配合开展相关评价及宣传工作。。
南京市的名为关于征集南京市第二批智能化改造和数字化转型服务商的通知的支持政策。,其发布时间是2023年6月27日。其项目名称是第二批智能化改造和数字化转型服务商，其支持政策的具体内容是一、征集对象聚焦中小企业数字化转型需求，重点征集解决方案集成商、工业软件提供商、智能装备及自动化产线提供商，加速形成“小快轻准”（小型化、快速化、轻量化、精准化）的数字化解决方案和专项产品服务能力。二、申报要求1.申报主体在南京市内注册、具备独立法人资格，运营和财务状况良好，具有较好的社会信用，上一年度营业收入达2000万元以上（含）。2.服务团队规模达30人以上（含），能够持续稳定提供高质量服务。3.具有较深的行业知识积累、较好的工程实施能力和较为完善的行业服务生态，有3个以上成功的项目实施案例。4.对获评江苏省智能制造领军服务机构、纳入江苏省智能化改造和数字化转型服务资源池的单位，予以优先遴选。已入选2022年南京市第一批智能化改造和数字化转型解决方案集成商、智能装备及自动化产线提供商、工业软件提供商的单位不再重复申报。，其支持政策的奖补情况是三、申报流程南京市智能化改造和数字化转型服务商申报遵循自愿申报、择优确定和公开、公平、公正的原则，具体申报流程如下：1.申报主体填报服务商申报书（附件3），报送至各区（开发区）工信部门。2.各区（开发区）工信部门对申报材料进行审核，向市工业和信息化局行文推荐。3.市工业和信息化局组织遴选工作，经形式审查、专家评审、综合审核等环节，择优入选市智能化改造和数字化转型服务资源池。四、工作要求1.各区（开发区）工信部门要加强服务商培育发展工作，支持入池服务商做大做强，联合入池服务商开展供需对接、标杆培育、宣传培训等活动，推广中小企业数字化转型案例标杆，带动更多中小企业转型逐步深入。2.市工业和信息化局将根据服务绩效对资源池实行动态管理，并优先推荐申报省级领军服务商。对服务弄虚作假、不正当竞争造成恶劣影响的服务商，将取消资源池资格。3.请各区（开发区）工信部门于2023年7月14日前，将《申报书》及推荐汇总表（一式一份，加盖公章）上报市工业和信息化局信息化建设与发展处，电子档同步报送指定邮箱。联系人：张诗桂，电话：68788911，邮箱：njgxxjc@163.com。
南京市的名为关于征集南京人工智能示范应用场景需求和典型应用案例的通知的支持政策。,其发布时间是2023年3月28日。其项目名称是人工智能示范应用场景需求和典型应用案例，其支持政策的具体内容是一、征集范围聚焦先导区创新发展的特色行业领域，主要围绕电力、石化、钢铁、汽车、建材、服装6大行业和制造、能源、文旅、消费、教育、卫生6大领域，面向本市人工智能应用场景建设的主体单位，征集应用场景需求及典型应用案例。，其支持政策的奖补情况是二、有关事项1.申报主体为本市有关部门、科研院所、高等院校、重点企业和产业园区等单位。其中，应用场景申报主体需具备支撑应用场景建设和运营的必要基础，典型应用案例要求拥有自主知识产权、技术先进，已实现商业应用。2.征集的应用场景、典型案例在一定范围具备普适性和通用性，对促进人工智能技术产品落地产生较强推进作用，有较高示范带动和推广价值。3.申报内容确保不涉及国家秘密、商业秘密等敏感信息，无相关伦理风险和安全隐患。4.请申报应用场景的单位认真填写《南京市人工智能应用场景需求征集表》（附件1），申报典型应用案例的单位认真填写《南京市人工智能典型应用案例征集表》（附件2），于4月14日前将征集表word版和盖章扫描件报送邮箱。5.我局将对征集到的应用场景需求和典型应用案例进行遴选，组织开展供需对接活动和宣传推介，择优给予政策支持。。
南京市的名为关于开展2023年省规划布局内重点软件企业和专精特新软件企业培育入库工作的通知的支持政策。,其发布时间是2023年3月28日。其项目名称是省规划布局内重点软件企业和专精特新软件企业，其支持政策的具体内容是一、推荐依据。参照最新修订的《江苏省规划布局内重点软件企业评估规范》（T/JSIA0004-2022）、《江苏省专精特新软件企业评估规范》（T/JSIA0005-2022）（附件1）。，其支持政策的奖补情况是二、推荐流程。遵循企业自愿申报原则，各区工信局、国家级开发区管委会经发局组织辖区内企业参照评估规范的评价标准进行自评，对通过初评的企业予以推荐上报。新入库企业有效期为2年。同一企业只能选择一个类别申报。2021、2022年已入库企业无需重复申报。三、材料要求。申报企业须依据附件2格式要求，提交纸质版申报材料（胶装成册，一式1份，需加盖企业公章）。四、推荐要求。各区（园区）经初审后，对推荐上报的2023年省规划布局内重点软件企业和专精特新软件企业，填写推荐表（附件3，纸质版加盖公章），并于6月30日前将推荐表和企业申报材料一并报送我处。五、其他要求。入库企业须定期通过江苏省软件行业政企服务平台报送主要经营数据，接受动态监测。。
南京市的名为关于开展2023年江苏省智能制造领军服务机构遴选推荐工作的通知的支持政策。,其发布时间是2023年3月17日。其项目名称是江苏省智能制造领军服务机构，其支持政策的具体内容是一、申报条件申报单位应符合以下条件：（一）在江苏省域内注册、具有独立法人资格且正常经营一年以上（截至2022年12月31日）。（二）2022年主营业务收入不少于3000万元，具有健全的财务管理机构和制度。（三）诚信守法，近三年内未发生重大及以上安全、环保、质量事故，无严重失信行为。（四）具有较强的综合集成服务能力和完善的服务体系，在申报行业具有良好的品牌影响力和资源整合力，已经形成3个及以上可复制、可推广、示范性强的场景案例。（五）拥有自主核心技术，其中智能制造系统集成技术相关的授权专利不少于6项（发明专利不少于1项）或与智能制造相关的软件著作权不少于10项，且近三年内无知识产权侵权行为。（六）符合国家智能制造系统解决方案供应商联盟发布的《智能制造系统解决方案供应商规范条件》规定条件的，优先遴选推荐。，其支持政策的奖补情况是二、有关要求（一）请申报单位编制《江苏省智能制造领军服务机构申报书》，向所在区、开发区工信主管部门申请。申报单位对申报材料的真实性负责。（二）请各区、开发区工信主管部门高度重视，按照通知要求，积极组织辖区内符合条件的单位申报。各区、开发区工信主管部门对申报单位申报材料严格审核把关，切实提高申报工作质量，并于4月10日前向市工信局正式行文上报申报书（一式三份）、汇总表等文件，电子版文件发送至联系人邮箱，逾期将不予受理。（三）市工信局将根据各区上报情况择优推荐。入选单位将纳入省制造业智改数转服务资源池统一管理，省工信厅将组织专家或委托第三方进行评价。入选单位应主动配合开展相关评价及宣传工作。。
南京市的名为关于征集南京人工智能示范应用场景需求和典型应用案例的通知的支持政策。,其发布时间是2023年3月28日。其项目名称是人工智能示范应用场景需求和典型应用案例，其支持政策的具体内容是一、征集范围聚焦先导区创新发展的特色行业领域，主要围绕电力、石化、钢铁、汽车、建材、服装6大行业和制造、能源、文旅、消费、教育、卫生6大领域，面向本市人工智能应用场景建设的主体单位，征集应用场景需求及典型应用案例。，其支持政策的奖补情况是二、有关事项1.申报主体为本市有关部门、科研院所、高等院校、重点企业和产业园区等单位。其中，应用场景申报主体需具备支撑应用场景建设和运营的必要基础，典型应用案例要求拥有自主知识产权、技术先进，已实现商业应用。2.征集的应用场景、典型案例在一定范围具备普适性和通用性，对促进人工智能技术产品落地产生较强推进作用，有较高示范带动和推广价值。3.申报内容确保不涉及国家秘密、商业秘密等敏感信息，无相关伦理风险和安全隐患。4.请申报应用场景的单位认真填写《南京市人工智能应用场景需求征集表》（附件1），申报典型应用案例的单位认真填写《南京市人工智能典型应用案例征集表》（附件2），于4月14日前将征集表word版和盖章扫描件报送邮箱。5.我局将对征集到的应用场景需求和典型应用案例进行遴选，组织开展供需对接活动和宣传推介，择优给予政策支持。。
南京市的名为关于开展2023年省规划布局内重点软件企业和专精特新软件企业培育入库工作的通知的支持政策。,其发布时间是2023年3月28日。其项目名称是软件企业和专精特新软件企业培育入库工作的通知，其支持政策的具体内容是一、推荐依据。参照最新修订的《江苏省规划布局内重点软件企业评估规范》（T/JSIA0004-2022）、《江苏省专精特新软件企业评估规范》（T/JSIA0005-2022）（附件1）。，其支持政策的奖补情况是二、推荐流程。遵循企业自愿申报原则，各区工信局、国家级开发区管委会经发局组织辖区内企业参照评估规范的评价标准进行自评，对通过初评的企业予以推荐上报。新入库企业有效期为2年。同一企业只能选择一个类别申报。2021、2022年已入库企业无需重复申报。三、材料要求。申报企业须依据附件2格式要求，提交纸质版申报材料（胶装成册，一式1份，需加盖企业公章）。四、推荐要求。各区（园区）经初审后，对推荐上报的2023年省规划布局内重点软件企业和专精特新软件企业，填写推荐表（附件3，纸质版加盖公章），并于6月30日前将推荐表和企业申报材料一并报送我处。五、其他要求。入库企业须定期通过江苏省软件行业政企服务平台报送主要经营数据，接受动态监测。。
南京市的名为关于组织2023年软件类关键核心技术攻关项目征集工作的通知的支持政策。,其发布时间是2023年3月29日。其项目名称是软件类关键核心技术攻关项目，其支持政策的具体内容是一、推荐依据。参照最新修订的《江苏省规划布局内重点软件企业评估规范》（T/JSIA0004-2022）、《江苏省专精特新软件企业评估规范》（T/JSIA0005-2022）（附件1）。，其支持政策的奖补情况是一、报送条件(一)报送项目实施单位应同时符合以下基本条件：1.在南京市域内依法注册，具有独立的法人资格，注册资本不少于500万元，成立日期在2022年1月1日及以前。2.管理规范有序、财务制度健全、经营状态正常、诚信守法，近三年未发生重大(含)以上安全、环保、质量事故(事件)，无严重失信行为。(二)报送项目应同时符合以下基本条件：1.项目实施地点在我市境内，项目实施期原则上不超过3年，可在2025年底前完成攻关任务，且具备良好的产业化前景。2.目标产品属于工业软件产业链或信息技术应用创新产业链产品。其中工业软件类项目主要包括研发设计、生产制造、经营管理、运营维护、信息安全等覆盖制造业产品全生命周期的各类工业基础软件、支撑软件、应用软件、平台软件以及对我省先进制造业集群培育、智能化改造数字化转型有显著促进作用的其他创新型软件；信息技术应用创新类项目技术领域主要包括基于信息技术应用创新技术路线的基础软件、支撑软件、平台软件、安全软件、商用密码产品。3.申报单位对攻关产品或技术有较好的研发基础和人才支撑，有与攻关项目相关的自主知识产权，能够保障项目实施所需资金(项目研发投入不低于3000万元)。鼓励行业龙头企业与产业链上下游企业、研究机构联合开展攻关。(三)符合以下条件的项目优先报送：1、已获得或准备申请相关专利；2、已形成或正在制定相关标准。二、工作要求报送单位填写软件类关键核心技术攻关项目征集信息表(附件)，在信用承诺部分加盖公章，于4月10日前向市工信局提交征集信息表电子版和纸质版材料。。
南京市的名为关于开展第四批省级绿色工厂暨第一批省级绿色工业园区推荐工作的通知（2023年4月26日）的支持政策。,其发布时间是2023年4月25日。其项目名称是省级绿色工厂省级绿色工业园区，其支持政策的具体内容是一、基本条件2023年度省级绿色工厂、绿色工业园区名单遴选工作依照《关于印发江苏省绿色制造体系建设实施方案的通知》（苏经信节能〔2016〕725号）明确的推荐程序，按照“优中选优、宁缺毋滥”的原则，组织开展申报。近三年有下列情况的，不得申报绿色制造名单：未正常经营生产的；发生较大及以上安全（含网络安全、数据安全）、质量、环境污染等事故以及偷漏税等违法违规行为的；被动态调整出绿色制造名单的；在省级以上有关部门督查中发现存在严重问题的；被列入工业节能监察整改名单且未按要求完成整改的；被列为失信被执行人的。（一）绿色工厂。各板块要根据本地区产业结构特点，遴选工作基础好、代表性强的企业进行申报。申报企业应为市内工商管理部门登记注册、从事生产经营并具有独立法人资格的企业，且生产经营状况良好，年销售收入在2亿元以上。评价请参照《关于印发江苏省绿色制造体系建设实施方案的通知》中的相关要求编写《江苏省绿色工厂评价报告》（附件1），已发布绿色工厂评价行业标准的（可登录工业和信息化部节能与综合利用司网站查看），需按照行业标准要求进行评价。（二）绿色工业园区。各板块要组织工业基础好、基础设施完善、绿色制造水平高的工业园区进行申报，推荐的绿色工业园区需是以产品制造为主要功能、工业增加值占比超过50%、园区内省级以上绿色制造名单内企业占比超过5%、具有法定边界和范围、具备统一管理机构、在满足全部基本条件的前提下，园区绿色指数需在80分(含)以上的省级及以上工业园区。绿色工业园区申报请参照《关于印发江苏省绿色制造体系建设实施方案的通知》中的相关要求编写《江苏省绿色工业园区评价报告》（附件2）。2023年起，推荐国家级绿色工业园区将从省级认定的绿色工业园区中产生。，其支持政策的奖补情况是二、推荐程序（一）组织评价。满足基本条件且自愿申报的企业、工业园区，对照《绿色工厂评价通则（GB/T36132-2018）、工信部发布的绿色工厂评价行业标准、《关于印发江苏省绿色制造体系建设实施方案的通知》等进行评价，并形成规范评价报告（附件1、2）。（二）初审推荐。评价合格的企业、工业园区，向所在板块工信部门提交评价报告。各板块工信局对企业、工业园区提交的申报材料及绿色制造情况进行初审，符合条件的，正式行文向市工信局推荐。三、工作要求（一）各板块要结合本地区产业结构特点，绿色工厂的推荐需从列入2023年度绿色工厂创建培育计划名单中产生，选择行业代表性强、绿色制造基础好的龙头骨干企业或专业性强、特色鲜明、创新性高的中小企业，根据行业特点，突出关键绿色化指标的先进性，指导企业按照有关要求开展评价，编制评价报告，并切实加强对申报企业评价结果和证明材料的把关。（二）各地要严把质量、择优推荐，将绿色工厂、工业园区评价报告（附件1、2），绿色工厂、工业园区推荐汇总表（附件3、4），于2023年7月10日前连同申报材料（一式一份，同时报电子版）行文上报市工业和信息化局。（三）请各地区切实加强对已纳入绿色制造名单内的企业、工业园区的跟踪指导和动态管理，建立绿色制造水平关键指标定期报送机制，组织绿色制造名单企业、工业园区填报绿色制造动态管理表，并对动态管理表中明确的各项关键指标进行审核，对于绿色制造水平关键指标不符合绿色制造评价要求的，要将相关情况报市工信局。请于2023年4月28日前通过工业节能与绿色发展管理平台报送第七批国家级绿色制造名单和前三批省级绿色工厂名单的动态管理表。。
南京市的名为关于开展2023年工业软件优秀产品及首版次工业软件产品应用试点项目征集的通知（2023年4月23日）的支持政策。,其发布时间是2023年4月23日。其项目名称是工业软件优秀产品及首版次工业软件产品应用试点项目，其支持政策的具体内容是一、征集范围（一）工业软件优秀产品重点征集计算机辅助设计、仿真、计算等工具软件，关键工业控制软件，高附加值的运营维护和经营管理类工业软件优秀产品。（二）首版次工业软件产品应用试点项目重点征集采用自主核心知识产权的首版次工业软件产品应用试点项目。二、征集要求（一）申报单位要求申报单位须在南京境内注册，具有独立法人资格，有固定生产、经营活动场所，遵守国家法律法规，近三年无违反法律法规情况、无被执行案件失信记录、无财产或账户查封冻结情况、无因使用本单位软件产品造成较大及以上安全事故。（二）工业软件优秀产品要求1.申报单位可申报1-2个应用于航空、航天、石化、钢铁、船舶、电力、交通、核工业、汽车、电子信息、移动终端、机械等重点领域的优秀产品，建议择优申报不同类别的软件产品。2.申报的软件产品拥有自主知识产权、技术先进、实现产业化或已在行业中部署应用，在重点领域有工业企业典型应用案例。3.申报单位须如实填写申报书，并提供营业执照、合同、专利证书、软件著作权、测试报告等相关佐证资料。（三）首版次工业软件产品应用试点项目1.申报单位为我市工业领域重点行业用户单位，通过部署应用首版次工业软件产品取得明显成效，可显著提高企业研发、制造、生产管理水平或工业装备性能。2.申报单位部署应用的工业软件产品为首版次工业软件产品，具有自主知识产权，具备软件著作权（开发完成日期须在2022年1月1日及以后），已通过第三方软件产品检测。应用的工业软件产品为首次正式发布并进行销售，尚未取得重大市场业绩、具有良好市场推广应用前景。仅限于企业自用的软件或用户定制的非通用软件，不属于征集范围。3.申报单位须如实填写申报书，并提供营业执照、采购合同、用户报告或验收报告、专审报告，以及首版次软件产品的知识产权、测试报告等相关佐证资料。，其支持政策的奖补情况是三、征集程序（一）请各区（开发区）工业和信息化主管部门，组织本地区企业积极参与申报，做好工业软件优秀产品、首版次工业软件产品应用试点项目的审核把关、遴选推荐工作。（二）请各推荐单位填写工业软件优秀产品、首版次工业软件产品应用试点项目推荐表（附件1），申报企业填写《工业软件优秀产品申报书》（附件2）、《首版次工业软件产品应用试点项目申报书》（附件3），加盖公章后的申报书扫描件报推荐单位审查。推荐单位请于2023年5月19日前，将上述材料盖章后的扫描件发送至联系人邮箱。联系人：林卿联系电话：025-68788858电子邮箱：54286586@qq.com。
南京市的名为《南京市工业企业重大设备技改项目奖补实施办法》的支持政策。,其发布时间是20234月25日。其项目名称是工业软件优秀产品及首版次工业软件产品应用试点项目，其支持政策的具体内容是按项目本申报年度一年之内（项目的技术设备购置发票开具日期为上一年度的下半年申报受理截止日以后，且至本年度奖补申报截止日止）技术设备购置总额的10%、封顶1000万元给予奖补。，其支持政策的奖补情况是三、征集程序（一）请各区（开发区）工业和信息化主管部门，组织本地区企业积极参与申报，做好工业软件优秀产品、首版次工业软件产品应用试点项目的审核把关、遴选推荐工作。（二）请各推荐单位填写工业软件优秀产品、首版次工业软件产品应用试点项目推荐表（附件1），申报企业填写《工业软件优秀产品申报书》（附件2）、《首版次工业软件产品应用试点项目申报书》（附件3），加盖公章后的申报书扫描件报推荐单位审查。推荐单位请于2023年5月19日前，将上述材料盖章后的扫描件发送至联系人邮箱。联系人：林卿联系电话：025-68788858电子邮箱：54286586@qq.com。
南京市的名为市政府办公厅关于加强“四上”企业培育工作的实施意见的支持政策。,其发布时间是20230611。其项目名称是专精特新，其支持政策的具体内容是对认定为国家级制造业“单项冠军”企业奖励300万元，国家级专精特新“小巨人”企业奖励100万元，省级专精特新中小企业奖励50万元，其支持政策的奖补情况是三、征集程序（一）请各区（开发区）工业和信息化主管部门，组织本地区企业积极参与申报，做好工业软件优秀产品、首版次工业软件产品应用试点项目的审核把关、遴选推荐工作。（二）请各推荐单位填写工业软件优秀产品、首版次工业软件产品应用试点项目推荐表（附件1），申报企业填写《工业软件优秀产品申报书》（附件2）、《首版次工业软件产品应用试点项目申报书》（附件3），加盖公章后的申报书扫描件报推荐单位审查。推荐单位请于2023年5月19日前，将上述材料盖章后的扫描件发送至联系人邮箱。联系人：林卿联系电话：025-68788858电子邮箱：54286586@qq.com。
南京市的名为《南京市全力促进经济持续回升向好若干政策措施》的支持政策。,其发布时间是20230904。其项目名称是两化融合，其支持政策的具体内容是加大“两业”融合发展试点激励，对新认定为国家级服务型制造示范企业给予100万元奖励，对获评国家级“两业”融合发展试点单位、省级“两业”融合发展标杆单位的企业，分别给予200万元、50万元奖励。，其支持政策的奖补情况是三、征集程序（一）请各区（开发区）工业和信息化主管部门，组织本地区企业积极参与申报，做好工业软件优秀产品、首版次工业软件产品应用试点项目的审核把关、遴选推荐工作。（二）请各推荐单位填写工业软件优秀产品、首版次工业软件产品应用试点项目推荐表（附件1），申报企业填写《工业软件优秀产品申报书》（附件2）、《首版次工业软件产品应用试点项目申报书》（附件3），加盖公章后的申报书扫描件报推荐单位审查。推荐单位请于2023年5月19日前，将上述材料盖章后的扫描件发送至联系人邮箱。联系人：林卿联系电话：025-68788858电子邮箱：54286586@qq.com。
南京市-溧水区的名为《溧水区支持制造业高质量发展十条政策（试行）》此为试行政策，具体奖补信息暂未出台发布时间：2020年3月24日（2023年不在实施）的支持政策。,其发布时间是2020年3月24日。其项目名称是星级上云，其支持政策的具体内容是1.省级以上星级上云企业，给予最高100万元奖励(2021年三星5万、四星10万，五星15万，2022年相关政策还没出)，其支持政策的奖补情况是2022年2月28日-2022年4月2日线上：在江苏省工业互联网示范企业公共服务平台（www.dxplat.com）填报申报信息，并严格按照星级上云企业申报要求如实在平台上传项目申报电子版材料（附件2、3、4）。其项目名称是智能工厂、智能车间，其支持政策的具体内容是2.鼓励有条件的企业承担省级以上智能制造示范试点项目，新认定的智能工厂和智能车间，给予最高50万元奖励。，其支持政策的奖补情况是2022年2月28日-2022年4月2日线上：在江苏省工业互联网示范企业公共服务平台（www.dxplat.com）填报申报信息，并严格按照星级上云企业申报要求如实在平台上传项目申报电子版材料（附件2、3、4）。其项目名称是两化（深度）融合类示范试点，其支持政策的具体内容是3.省级以上两化融合示范试点企业，给予最高100万元奖励，其支持政策的奖补情况是2022年2月28日-2022年4月2日线上：在江苏省工业互联网示范企业公共服务平台（www.dxplat.com）填报申报信息，并严格按照星级上云企业申报要求如实在平台上传项目申报电子版材料（附件2、3、4）。其项目名称是工业互联网示范试点类企业（工业互联网重点平台、工业互联网标杆工厂、工业互联网典型应用企业、工业互联网专业服务商等），其支持政策的具体内容是4.省级以上工业互联网标杆工厂，给予最高100万元奖励。，其支持政策的奖补情况是2022年2月28日-2022年4月2日线上：在江苏省工业互联网示范企业公共服务平台（www.dxplat.com）填报申报信息，并严格按照星级上云企业申报要求如实在平台上传项目申报电子版材料（附件2、3、4）。其项目名称是专精特新产品/小巨人企业，其支持政策的具体内容是5.专精特新产品/小巨人企业，分类分级给予最高100万元奖励。，其支持政策的奖补情况是2022年2月28日-2022年4月2日线上：在江苏省工业互联网示范企业公共服务平台（www.dxplat.com）填报申报信息，并严格按照星级上云企业申报要求如实在平台上传项目申报电子版材料（附件2、3、4）。其项目名称是单项冠军示范企业（产品），其支持政策的具体内容是6.单项冠军，分类分级给与最高100万余奖励。，其支持政策的奖补情况是2022年2月28日-2022年4月2日线上：在江苏省工业互联网示范企业公共服务平台（www.dxplat.com）填报申报信息，并严格按照星级上云企业申报要求如实在平台上传项目申报电子版材料（附件2、3、4）。
南京市-溧水区的名为溧水区支持制造业高质量发展政策(2023年)的支持政策。,其发布时间是2023。其项目名称是支持重大项目引进，其支持政策的具体内容是突出主导产业，引进的外资企业、大型央企、世界500强、中国企业500强或民营企业500强、独角兽企业，按年度实缴注册资本一定比例给予最高1000万元奖励。重大优质项目可“一事一议”。(责任单位：区投促局、区商务局)，其支持政策的奖补情况是2022年2月28日-2022年4月2日线上：在江苏省工业互联网示范企业公共服务平台（www.dxplat.com）填报申报信息，并严格按照星级上云企业申报要求如实在平台上传项目申报电子版材料（附件2、3、4）。其项目名称是支持产业联动发展，其支持政策的具体内容是引进的总部经济，形成产业集聚效应，根据对地方经济贡献，经“一事一议”给予奖励。支持产业链区内上下游产品配套采购，年累计采购额达1000万元以上的，给予采购企业最高100万元奖励。鼓励“两业”融合发展。具备国际竞争力的制造业企业开展境外产业投资的，给予一定的资金支持，其支持政策的奖补情况是2022年2月28日-2022年4月2日线上：在江苏省工业互联网示范企业公共服务平台（www.dxplat.com）填报申报信息，并严格按照星级上云企业申报要求如实在平台上传项目申报电子版材料（附件2、3、4）。其项目名称是支持企业开拓创新，其支持政策的具体内容是企业在研发中开展“技术悬赏”达到标准的，给予最高100万元奖励。企业开展技术研发和科技成果转移转化等创新活动的，给予技术合同登记奖励。牵头承担重大技术攻关项目的，给予最高1000万元奖励。创建省级以上创新平台的，给予最高3000万元奖励。新建海外创新平台，给予最高500万元奖励；离岸孵化器培育引进的规上高企，给予最高100万元奖励，其支持政策的奖补情况是2022年2月28日-2022年4月2日线上：在江苏省工业互联网示范企业公共服务平台（www.dxplat.com）填报申报信息，并严格按照星级上云企业申报要求如实在平台上传项目申报电子版材料（附件2、3、4）。其项目名称是支持企业转型升级，其支持政策的具体内容是鼓励企业深入实施智能化改造和数字化转型，评选一批省级智能制造示范车间、融入工业互联网平台、两化融合贯标、星级上云等优秀案例给予奖励。对重大应用场景建设项目，给予最高2000万元奖励。符合条件企业实施绿色化改造升级项目，根据项目投入和绿色转型成效，给予最高500万元支持。列入省级以上绿色工厂、绿色供应链管理名单，通过自愿性清洁生产审核的企业，分类给予最高50万元奖励，其支持政策的奖补情况是2022年2月28日-2022年4月2日线上：在江苏省工业互联网示范企业公共服务平台（www.dxplat.com）填报申报信息，并严格按照星级上云企业申报要求如实在平台上传项目申报电子版材料（附件2、3、4）。其项目名称是支持企业扩大规模，其支持政策的具体内容是企业实施技术改造重大项目的，根据项目投入给予最高4000万元奖励。鼓励企业增产扩产，开票销售亿元以上企业，分类分级给予最高500万元奖励。首次升为规上企业，给予20万元奖励。认定为国内、省内首台(套)产品，给予最高100万元奖励。鼓励企业培育自主品牌，列入省重点培育和发展的国际知名品牌的企业、首次通过海关信用高级认证(AEO)的企业，给予5万元奖励。新培育的单项冠军、专精特新、独角兽企业、独角兽培育企业、瞪羚企业等特色企业，分类分级给予最高300万元奖励，其支持政策的奖补情况是2022年2月28日-2022年4月2日线上：在江苏省工业互联网示范企业公共服务平台（www.dxplat.com）填报申报信息，并严格按照星级上云企业申报要求如实在平台上传项目申报电子版材料（附件2、3、4）。
南京市-高淳区的名为关于印发《高淳区精准支持企业与产业链发展若干意见》的通知http://www.njgc.gov.cn/gcqrmzf/202310/t20231008_4025475.html修订周期：每年修订一次的支持政策。,其发布时间是2023年10月8日。其项目名称是技改项目，其支持政策的具体内容是对符合我区主导产业及产业链的制造业项目，新建项目及技改项目设备投入（设备投入指项目的设备、技术投入），按不高于投入量的15%给予企业补助。其他产业新建、技改项目设备投入，按不高于投入量的10%给予企业补助，单个企业最高补助500万元。新建项目成套设备总投入须超过300万元；技改项目备案总投资须超500万元（含），且成套设备总投入须超过200万元或单台（套）设备须超过50万元。（2）对开展工业互联网标识解析创新应用的工业企业，每个项目按照设备、技术投入一次性给予投入额30%最高不超过20万元的补贴，其支持政策的奖补情况是2022年2月28日-2022年4月2日线上：在江苏省工业互联网示范企业公共服务平台（www.dxplat.com）填报申报信息，并严格按照星级上云企业申报要求如实在平台上传项目申报电子版材料（附件2、3、4）。其项目名称是打造领军企业，其支持政策的具体内容是（1）首次认定为南京市瞪羚、培育独角兽、独角兽的企业，分别给予20万元、50万元、100万元奖励。（2）首次获得国家级“单项冠军”、国家级“专精特新”、省级“专精特新”、纳入市“专精特新”名录库的企业分别给予100万元、50万元、30万元、10万元奖励。（3）省级新产品鉴定认定为国际领先、国内领先（国际先进）、国内先进的，分别给予20万元、10万元、5万元奖励。（4）经认定为国内、省内首台（套）装备产品并实现产业化的，分别给予100万元、50万元奖励。（5）获评国家、省、市“工业设计中心”、服务型制造示范企业、双创（示范）基地、公共服务（技术）分别给予50万、30万元奖励、10万元奖励（6）当年入选江苏省重点领域首版次软件产品应用推广指导目录、江苏省规划布局内重点软件企业的企业分别给予5万元、10万元奖励”，其支持政策的奖补情况是2022年2月28日-2022年4月2日线上：在江苏省工业互联网示范企业公共服务平台（www.dxplat.com）填报申报信息，并严格按照星级上云企业申报要求如实在平台上传项目申报电子版材料（附件2、3、4）。其项目名称是支持打造一流品牌，其支持政策的具体内容是（1）对主导制定或修订国际标准、国家标准、行业标准（或省级地方标准）的企业，分别给予50万元、20万元、10万元奖励。（2）对完成国家级、省级标准化试点示范项目的企业，分别给予20万元、10万元奖励；对获得国家级、省级企业标准“领跑者”的企业，分别给予20万元、10万元奖励。（3）获国家级质量奖、中国工业大奖，获中国出口质量安全示范称号，分别给予30万元、20万元奖励。（4）获“江苏精品”的企业，给予10万元奖励。获省长质量奖、提名奖的企业，分别给予30万元、15万元，获市长质量奖、提名奖的企业，分别给予20万元、10万元。获区长质量奖、提名奖，分别给予20万元、5万元奖励。江苏省工业企业质量信用等级核定为AAA级、AA级的企业，分别给予10万元、5万元的奖励。（5）获“中华老字号”、“中国商业名牌”等全国性荣誉称号，给予50万元奖励。（6）获省级、市级信用管理示范称号，分别给予10万元、5万元奖励。（7）对引入国内外知名品牌开设首店、旗舰店的商业载体（购物中心、百货店、商业综合体、商业街区、园区等）给予奖励。引入全球首店、亚洲首店的最高给予10万元奖励，引入中国（内地）首店的最高给予8万元奖励，引入江苏首店、旗舰店的最高给予5万元奖励，引入南京首店最高给予3万元奖励；引入地区首进品牌的最高给予1万元奖励。引入餐饮品牌首店、旗舰店的，按照以上奖励标准的50%执行。单个商业载体每年奖励不超过20万元。引入的品牌门店需签订2年及以上入驻协议，在我区依法纳税，平均月主营业务收入20万元以上，其支持政策的奖补情况是2022年2月28日-2022年4月2日线上：在江苏省工业互联网示范企业公共服务平台（www.dxplat.com）填报申报信息，并严格按照星级上云企业申报要求如实在平台上传项目申报电子版材料（附件2、3、4）。其项目名称是星级上云，其支持政策的具体内容是企业“星级上云”三星、四星、五星分别给予2万元、6万元、10万元的奖励，晋级予以差额补助，其支持政策的奖补情况是2022年2月28日-2022年4月2日线上：在江苏省工业互联网示范企业公共服务平台（www.dxplat.com）填报申报信息，并严格按照星级上云企业申报要求如实在平台上传项目申报电子版材料（附件2、3、4）。其项目名称是智能工厂、智能车间，其支持政策的具体内容是创成省级智能工厂、智能制造示范车间并通过验收的企业，分别给予50万元、20万元奖励。，其支持政策的奖补情况是2022年2月28日-2022年4月2日线上：在江苏省工业互联网示范企业公共服务平台（www.dxplat.com）填报申报信息，并严格按照星级上云企业申报要求如实在平台上传项目申报电子版材料（附件2、3、4）。其项目名称是两化（深度）融合类示范试点，其支持政策的具体内容是对新认定的国家两化融合管理体系贯标A级、AA级、AAA级企业分别给予10万元、15万元、25万元一次性奖励，其支持政策的奖补情况是2022年2月28日-2022年4月2日线上：在江苏省工业互联网示范企业公共服务平台（www.dxplat.com）填报申报信息，并严格按照星级上云企业申报要求如实在平台上传项目申报电子版材料（附件2、3、4）。其项目名称是工业互联网，其支持政策的具体内容是创成国家、省级工业互联网平台、工业互联网标杆工厂的，分别给予100万元、80万元奖励获评国家、省、市级工业互联网APP优秀解决方案，分别给予80万元、50万元、30万元奖励。对建成工业互联网标识解析二级节点的企业，通过验收后给予100万元的补贴，其支持政策的奖补情况是2022年2月28日-2022年4月2日线上：在江苏省工业互联网示范企业公共服务平台（www.dxplat.com）填报申报信息，并严格按照星级上云企业申报要求如实在平台上传项目申报电子版材料（附件2、3、4）。其项目名称是服务型制造企业，其支持政策的具体内容是5.获评国家、省、市服务型制造示范企业分别给予50万、30万元奖励、10万元奖励。，其支持政策的奖补情况是2022年2月28日-2022年4月2日线上：在江苏省工业互联网示范企业公共服务平台（www.dxplat.com）填报申报信息，并严格按照星级上云企业申报要求如实在平台上传项目申报电子版材料（附件2、3、4）。其项目名称是互联网平台，其支持政策的具体内容是6.创成国家、省级工业互联网平台的，分别给予100万元、80万元奖励。，其支持政策的奖补情况是2022年2月28日-2022年4月2日线上：在江苏省工业互联网示范企业公共服务平台（www.dxplat.com）填报申报信息，并严格按照星级上云企业申报要求如实在平台上传项目申报电子版材料（附件2、3、4）。其项目名称是5G+工业互联网，其支持政策的具体内容是7.被列为省“5G+工业互联网”应用示范的项目，给予30万元奖励。，其支持政策的奖补情况是2022年2月28日-2022年4月2日线上：在江苏省工业互联网示范企业公共服务平台（www.dxplat.com）填报申报信息，并严格按照星级上云企业申报要求如实在平台上传项目申报电子版材料（附件2、3、4）。其项目名称是绿色工厂，其支持政策的具体内容是被工信部认定为绿色工厂、绿色供应链、绿色设计产品的企业，分别给予50万元、40万元、30万元奖励。被认定为省级绿色工厂的企业，给予20万元奖励；对完成自愿性清洁生产并通过审核验收的企业，给予5万元奖励，其支持政策的奖补情况是2022年2月28日-2022年4月2日线上：在江苏省工业互联网示范企业公共服务平台（www.dxplat.com）填报申报信息，并严格按照星级上云企业申报要求如实在平台上传项目申报电子版材料（附件2、3、4）。
南京市-鼓楼区的名为http://www.njgl.gov.cn/glqrmzf/202306/t20230630_3951254.html区政府关于印发鼓楼区知识产权战略专项资金管理办法的通知的支持政策。,其发布时间是2023年8月1日。其项目名称是知识产权，其支持政策的具体内容是被工信部认定为绿色工厂、绿色供应链、绿色设计产品的企业，分别给予50万元、40万元、30万元奖励。被认定为省级绿色工厂的企业，给予20万元奖励；对完成自愿性清洁生产并通过审核验收的企业，给予5万元奖励，其支持政策的奖补情况是2022年2月28日-2022年4月2日线上：在江苏省工业互联网示范企业公共服务平台（www.dxplat.com）填报申报信息，并严格按照星级上云企业申报要求如实在平台上传项目申报电子版材料（附件2、3、4）。
南京市-鼓楼区的名为http://www.njgl.gov.cn/glzx/202307/t20230721_3967763.html鼓楼区专项政策、专项资金推动外贸高质量发展的支持政策。,其发布时间是2023年7月21日。其项目名称是支持外贸企业，其支持政策的具体内容是一是提升企业经营质效。聚力规模提升，将进出口额500万美元以上的新设立外贸企业认定为“鼓楼区外贸潜力新星企业”，将增长额度500万美元以上的重点企业认定为“鼓楼区外贸优秀企业”，予以相应经费支持。塑造品牌口碑，对获评省、市重点培育和发展的国际知名品牌企业一次性给予10万元、5万元奖励。二是加快产业转型升级。支持跨境电商产业创新发展，鼓励跨境电子商务园区建设，对获评省级、市级跨境电商示范园区的一次性给予100万元、50万元奖励。鼓励公共海外仓建设，对获评省级、市级公共海外仓的，一次性给予20万元、10万元奖励。三是完善各类补助政策。对进出口额达100万美元的新设立外贸企业，给予最高5万元办公用房补助。对进出口额500万美元以下的中小型外贸企业，补助其购买的出口信用保险自费部分的95%。对赴境外参展的企业实行单个展位2万元、总额不超过20万元的补助政策，各项暖心补贴助力企业发展壮大，其支持政策的奖补情况是2022年2月28日-2022年4月2日线上：在江苏省工业互联网示范企业公共服务平台（www.dxplat.com）填报申报信息，并严格按照星级上云企业申报要求如实在平台上传项目申报电子版材料（附件2、3、4）。
南京市-鼓楼区的名为“智改数转”专项资金管理办法-南京鼓楼区.pdf发布日期：2022年7月7日的支持政策。,其发布时间是2022年7月7日。其项目名称是标杆工厂、智能工厂、智能车间，其支持政策的具体内容是市级及以上工信部门评定发布的标杆创建、智能工厂、智能车间等“智改数转”相关的示范项目（获得示范项目认定奖励5万元）、优秀案例、应用场景的企业。（获得发布推广的优秀案例和应用场景奖励1万元），其支持政策的奖补情况是2022年2月28日-2022年4月2日线上：在江苏省工业互联网示范企业公共服务平台（www.dxplat.com）填报申报信息，并严格按照星级上云企业申报要求如实在平台上传项目申报电子版材料（附件2、3、4）。其项目名称是星级上云，其支持政策的具体内容是基础上云企业奖励资金采取累进制。费用支出在1万元及以下的，按照实际费用支出全额奖励；费用支出在3万元及以下的，超出1万元的费用按照75%比例予以奖励；费用支出在5万元及以下，超出3万元的费用按照50%比例予以奖励；费用支出在5万元以上，超出5万元的费用按照25%比例予以奖励。基础上云企业奖励总额最高不超过10万元。获得省、市认定的星级上云企业在基础上云奖励标准上额外予以奖励三星上云企业奖励1万元、四星上云企业奖励3万元，五星上云企业奖励5万元。，其支持政策的奖补情况是2022年2月28日-2022年4月2日线上：在江苏省工业互联网示范企业公共服务平台（www.dxplat.com）填报申报信息，并严格按照星级上云企业申报要求如实在平台上传项目申报电子版材料（附件2、3、4）。其项目名称是工业软件APP，其支持政策的具体内容是面向特定行业、特定场景，满足研发生产、运营管理等工业应用场景的需求，取得软件著作权并进入国家、省、市级工业软件供给能力清单的工业软件APP，每个APP软件产品奖励2000元。，其支持政策的奖补情况是2022年2月28日-2022年4月2日线上：在江苏省工业互联网示范企业公共服务平台（www.dxplat.com）填报申报信息，并严格按照星级上云企业申报要求如实在平台上传项目申报电子版材料（附件2、3、4）。其项目名称是两化融合培育企业，其支持政策的具体内容是在两化融合服务平台（https://cspiii.com/）的江苏省评估分平台（https://jiangsu.cspiii.com/）完成企业两化融合水平的自评估，并通过审核达到示范培育标准的企业。奖励2000元，其支持政策的奖补情况是2022年2月28日-2022年4月2日线上：在江苏省工业互联网示范企业公共服务平台（www.dxplat.com）填报申报信息，并严格按照星级上云企业申报要求如实在平台上传项目申报电子版材料（附件2、3、4）。其项目名称是两化融合管理体系AAA级贯标，其支持政策的具体内容是通过两化融合管理体系AAA级贯标评定审核的培育对象，被认定为本年度省两化融合管理体系贯标示范的企业。奖励1万元，其支持政策的奖补情况是2022年2月28日-2022年4月2日线上：在江苏省工业互联网示范企业公共服务平台（www.dxplat.com）填报申报信息，并严格按照星级上云企业申报要求如实在平台上传项目申报电子版材料（附件2、3、4）。
南京市-江宁区的名为江宁区促进经济持续回升向好若干政策措施(2023-2025)的支持政策。,其发布时间是2023年10月14日。其项目名称是5g工厂、智能车间、智能工厂、标杆工厂、两化融合，其支持政策的具体内容是加快推动“智改数转”。指导企业申报省“5G+工业互联网”融合应用项目，支持企业打造5G工厂、智能制造示范工厂（车间），加快建设智能制造试点示范项目。对两化融合贯标、星级上云企业给予最高15万元奖励，对创成省重点工业互联网平台、工业互联网标杆工厂的企业分别给予最高20万元、50万元奖励；对认定为省级以上智能制造示范车间、示范工厂、智能制造试点示范项目的企业，分别给予最高40万元、80万元、80万元奖励。，其支持政策的奖补情况是2022年2月28日-2022年4月2日线上：在江苏省工业互联网示范企业公共服务平台（www.dxplat.com）填报申报信息，并严格按照星级上云企业申报要求如实在平台上传项目申报电子版材料（附件2、3、4）。
南京市-江宁区的名为江宁区关于强化投资促进推动制造业高质量发展政策措施的支持政策。,其发布时间是2023年09月27日。其项目名称是专精特新，其支持政策的具体内容是对获得国家“单项冠军示范企业”和“单项冠军产品”称号给予300万元奖励；对首次认定为国家专精特新“小巨人”企业、省级专精特新中小企业（含外市迁入），分别给予100万元、50万元奖励，其支持政策的奖补情况是2022年2月28日-2022年4月2日线上：在江苏省工业互联网示范企业公共服务平台（www.dxplat.com）填报申报信息，并严格按照星级上云企业申报要求如实在平台上传项目申报电子版材料（附件2、3、4）。其项目名称是技改，其支持政策的具体内容是对备案总投资超500万元且当年购置技术设备等实际投资超200万元项目，按实际投资给予4%补贴，单个项目补贴不超过60万元；上述项目存在贷款的，在给予项目贷款总额2%贴息补贴，单个企业贴息补贴不超100万元，其支持政策的奖补情况是2022年2月28日-2022年4月2日线上：在江苏省工业互联网示范企业公共服务平台（www.dxplat.com）填报申报信息，并严格按照星级上云企业申报要求如实在平台上传项目申报电子版材料（附件2、3、4）。其项目名称是市级标杆应用场景，其支持政策的具体内容是对入选市级标杆应用场景项目，根据市级财政支持情况给予最高200万元奖励，其支持政策的奖补情况是2022年2月28日-2022年4月2日线上：在江苏省工业互联网示范企业公共服务平台（www.dxplat.com）填报申报信息，并严格按照星级上云企业申报要求如实在平台上传项目申报电子版材料（附件2、3、4）。
南京-江宁开发区的名为《江宁开发区专精特新企业高质量发展专项激励政策（专精特新八条）》依据《关于加快发展专精特新中小企业的若干措施》（宁政办发〔2021〕61号）的支持政策。,其发布时间是2023年09月27日。其项目名称是专精特新，其支持政策的具体内容是对在本政策有效期内首次纳入江苏省“千企升级”企业培育库的企业，每家给予0.2万元一次性扶持。对入库规上企业同期营业收入增速达到30%的给予10万元一次性扶持，同期增速达到50%以上的给予15万元一次性扶持（入库企业年末需提供专项审计报告）。第二条对首次获得国家制造业单项冠军示范企业（产品）、国家级专精特新“小巨人”企业、省级专精特新企业、市级专精特新企业给予分别给予累计不超过200万元、100万元、50万元、5万元奖励（包含上级奖励资金）。第三条对复审通过的省级专精特新“小巨人”企业给予5万元奖励；对外地迁入的国家级专精特新“小巨人”企业给予50万元奖励（包含上级奖励资金）。第四条对现有专精特新企业实施增资扩产的，在原规划厂区已竣工且不新增用地的情况下，根据规划条件适当提高容积率新增自用生产场地5000平方米以上的，且产值达到一定规模，按每平方米最高20元给予一次性扶持，最高100万元。第五条对现有专精特新企业新建重大产业项目，按项目投资协议、备案及土地出让合同约定时间完成竣工投产的，固定资产投资总额达到1亿元、5亿元、10亿元、20亿元以上的，经认定，分别给予100万元、200万元、300万元、500万元扶持，同一企业按差额补足方式最高扶持500万元。第六条对承接省级以上关键核心技术攻关项目、市级“紫金之巅”项目的企业给予50万元、20万元奖励。第七条对专精特新企业研发生产的产品在本办法有效期内列入《南京市创新产品目录》，该产品销售收入达到200万元的，按销售收入的3%给予最高50万元奖励。第八条对通过“江苏省首台（套）重大装备认定”、“江苏省智能制造示范工厂”、“省级智能制造示范车间”、“江苏省工业互联网标杆工厂”的专精特新企业给予50万元奖励。，其支持政策的奖补情况是2022年2月28日-2022年4月2日线上：在江苏省工业互联网示范企业公共服务平台（www.dxplat.com）填报申报信息，并严格按照星级上云企业申报要求如实在平台上传项目申报电子版材料（附件2、3、4）。其项目名称是支持企业信息化能力提升（星级上云与两化融合方面），其支持政策的具体内容是购买ERP、MES、PDM、PLM给与最高不超过5万元的奖励；省级三、四、五星级上云的企业分别基于0.5万元、2万元、4万元的奖励两化融合贯标A级、AA级、AAA级企业基于8万元、12万元、15万元奖励省工业信息安全防护星级企业、省网络安全分类分级管理企业分别给予5万元奖励，其支持政策的奖补情况是2022年2月28日-2022年4月2日线上：在江苏省工业互联网示范企业公共服务平台（www.dxplat.com）填报申报信息，并严格按照星级上云企业申报要求如实在平台上传项目申报电子版材料（附件2、3、4）。其项目名称是支持企业智能化方向发展（工业设计及首台套方面进行奖励），其支持政策的具体内容是对经江苏省及以上认定的“首版次”工业软件，按年度销售额10%，给予一次性补贴，最高不超过50万元对入围国家信创目录、省信创图谱的企业，给予奖励最高不超过20万元、10万元对首次获评国家、省、市工业设计中心（研究院）、服务型制造示范企业的分别给予奖励50、30、10万元对江苏省及以上认定的首台（套）装备以及关键零部件，按产品年度销售收入10%。给予一次性补贴，最高不超过100万元。，其支持政策的奖补情况是2022年2月28日-2022年4月2日线上：在江苏省工业互联网示范企业公共服务平台（www.dxplat.com）填报申报信息，并严格按照星级上云企业申报要求如实在平台上传项目申报电子版材料（附件2、3、4）。其项目名称是支持产业绿色低碳化发展，其支持政策的具体内容是对获得国家级绿色园区、绿色工厂，分别给予奖励50、30万元获得省级绿色园区、绿色工厂分别给予奖励30、20万元获得绿色供应链、绿色设计产品，分别给予奖励30、10万元；通过自愿性清洁生产审核的企业基于奖励5万元；对首次获得认定的创新型中小企业奖励0.2万元；对列入南京市“标杆场景”项目，基于补贴10万元；对首次获评国家、省、市小微企业创业创新示范基地、中小企业公共服务示范平台分别给予50、30、10万元，其支持政策的奖补情况是2022年2月28日-2022年4月2日线上：在江苏省工业互联网示范企业公共服务平台（www.dxplat.com）填报申报信息，并严格按照星级上云企业申报要求如实在平台上传项目申报电子版材料（附件2、3、4）。其项目名称是支持产业高端示范化建设（技改投入等方面进行补贴），其支持政策的具体内容是对获批国家、省工业互联网示范试点企业分别给予100、50万元奖励对获得省级工业互联网标杆工厂、省级智能制造示范工厂、省级智能制造示范车间等资质企业分别给予100、100、50万元奖励支持企业安全生产信息化改造，按项目投入额的10%、给予最高50万元的一次性补贴对实施技术改造项目且是当年新购置生产设备达500万元及以上的工业企业分别给予100、50万元奖励，其支持政策的奖补情况是2022年2月28日-2022年4月2日线上：在江苏省工业互联网示范企业公共服务平台（www.dxplat.com）填报申报信息，并严格按照星级上云企业申报要求如实在平台上传项目申报电子版材料（附件2、3、4）。其项目名称是星级上云，其支持政策的具体内容是暂无奖补，区里面还在争取，其支持政策的奖补情况是2022年2月28日-2022年4月2日线上：在江苏省工业互联网示范企业公共服务平台（www.dxplat.com）填报申报信息，并严格按照星级上云企业申报要求如实在平台上传项目申报电子版材料（附件2、3、4）。
南京市-栖霞区的名为《栖霞区深入推进引领性国家创新型城市建设的若干政策措施》的支持政策。,其发布时间是2022年10月24日。其项目名称是专精特新，其支持政策的具体内容是对首次获得国家制造业单项冠军示范企业（产品）、国家级专精特新“小巨人”企业（含外地迁入）、省级专精特新小巨人认定的企业，分别给予300晚孕、100万元50万元奖励，其支持政策的奖补情况是2022年2月28日-2022年4月2日线上：在江苏省工业互联网示范企业公共服务平台（www.dxplat.com）填报申报信息，并严格按照星级上云企业申报要求如实在平台上传项目申报电子版材料（附件2、3、4）。
南京市-秦淮区的名为《关于推进重点特色产业发展的若干政策举措（试行）》秦委发〔2022〕55号的支持政策。,其发布时间是2022年10月24日。其项目名称是新落户，其支持政策的具体内容是对新落户我区的全国电子信息百强、软件百强、互联网百强企业（区域总部以上），经认定，每户给予200万元一次性奖励，其支持政策的奖补情况是2022年2月28日-2022年4月2日线上：在江苏省工业互联网示范企业公共服务平台（www.dxplat.com）填报申报信息，并严格按照星级上云企业申报要求如实在平台上传项目申报电子版材料（附件2、3、4）。其项目名称是资质认证扶持，其支持政策的具体内容是对新评估的软件企业、获得信息技术服务标准认证（ITSS）、开发能力成熟度模型集成（CMMI）认证的企业，在满足年度经济贡献条件下，经认定，分别予以1万元、2万元、3万元一次性奖励。对软件信息服务业、人工智能、智能装备制造等数字产业领域军民融合企业，新取得武器装备科研生产单位保密资格、武器装备科研生产许可证、装备承制单位资格证（A类）等军工行业资质证书（含期满换证）的企业，在满足年度经济贡献条件下，经认定，给予5万元一次性奖励。，其支持政策的奖补情况是2022年2月28日-2022年4月2日线上：在江苏省工业互联网示范企业公共服务平台（www.dxplat.com）填报申报信息，并严格按照星级上云企业申报要求如实在平台上传项目申报电子版材料（附件2、3、4）。其项目名称是规模提升扶持，其支持政策的具体内容是对存量企业首次进入全国电子信息百强、软件百强、互联网百强的企业，分别给予100万元一次性奖励。对年度软件和信息服务业收入首次超3000万元、1亿元、5亿元、10亿元的企业，在满足年度经济贡献条件下，经认定，分别给予2万元、5万元、10万元、15万元的一次性奖励，其支持政策的奖补情况是2022年2月28日-2022年4月2日线上：在江苏省工业互联网示范企业公共服务平台（www.dxplat.com）填报申报信息，并严格按照星级上云企业申报要求如实在平台上传项目申报电子版材料（附件2、3、4）。其项目名称是星级上云，其支持政策的具体内容是推动企业运用云计算技术推动业务创新，对当年通过评定的三星级、四星级、五星级上云企业，经认定，分别给予1万元、3万元、5万元一次性奖励，其支持政策的奖补情况是2022年2月28日-2022年4月2日线上：在江苏省工业互联网示范企业公共服务平台（www.dxplat.com）填报申报信息，并严格按照星级上云企业申报要求如实在平台上传项目申报电子版材料（附件2、3、4）。其项目名称是数字化转型改造，其支持政策的具体内容是支持工业企业智能化改造和数字化转型、服务业企业数字化转型发展，对利用自有资金改造投资超500万元的企业，经认定，按智能化设备及软件投入等不超过3%给予最高不超过30万元扶持，其支持政策的奖补情况是2022年2月28日-2022年4月2日线上：在江苏省工业互联网示范企业公共服务平台（www.dxplat.com）填报申报信息，并严格按照星级上云企业申报要求如实在平台上传项目申报电子版材料（附件2、3、4）。其项目名称是数字应用场景搭建，其支持政策的具体内容是鼓励辖区企事业单位、团体机构等主体搭建对新技术新产品有应用需求的各类工程、项目，按照应用场景投资规模、产生效益等综合评价，经认定，按照项目投入10%给予搭建单位不超过10万元扶持（原则上每年不超过10个），其支持政策的奖补情况是2022年2月28日-2022年4月2日线上：在江苏省工业互联网示范企业公共服务平台（www.dxplat.com）填报申报信息，并严格按照星级上云企业申报要求如实在平台上传项目申报电子版材料（附件2、3、4）。
南京市-秦淮区的名为《秦淮区加速打造引领性国家创新型城市示范区的若干政策举措》的实施细则的支持政策。,其发布时间是2023年08月24日。其项目名称是研发科技项目，其支持政策的具体内容是对在重点领域关键技术实现突破的企业，最高给予100万元项目经费支持。鼓励领军型企业、新型研发机构组建创新联合体，聚焦关键技术、基础研究、“卡脖子”难题等重点事项，采用揭榜挂帅等方式开展联合研发攻关。鼓励企业加大研发投入，提升重点企业科研能力，根据企业年度研发经费同比支出增量和增速，最高给予20万元奖励。支持科技型企业开展研发活动，严格落实研发费用加计扣除、高新技术企业所得税减免等政策，对企业和高校院所开展的科技合作项目，根据产学研合作实际开展情况，最高给予10万元奖励。，其支持政策的奖补情况是2022年2月28日-2022年4月2日线上：在江苏省工业互联网示范企业公共服务平台（www.dxplat.com）填报申报信息，并严格按照星级上云企业申报要求如实在平台上传项目申报电子版材料（附件2、3、4）。其项目名称是研发科技项目，其支持政策的具体内容是对在重点领域关键技术实现突破的企业，最高给予100万元项目经费支持。鼓励领军型企业、新型研发机构组建创新联合体，聚焦关键技术、基础研究、“卡脖子”难题等重点事项，采用揭榜挂帅等方式开展联合研发攻关。鼓励企业加大研发投入，提升重点企业科研能力，根据企业年度研发经费同比支出增量和增速，最高给予20万元奖励。支持科技型企业开展研发活动，严格落实研发费用加计扣除、高新技术企业所得税减免等政策，对企业和高校院所开展的科技合作项目，根据产学研合作实际开展情况，最高给予10万元奖励。，其支持政策的奖补情况是2022年2月28日-2022年4月2日线上：在江苏省工业互联网示范企业公共服务平台（www.dxplat.com）填报申报信息，并严格按照星级上云企业申报要求如实在平台上传项目申报电子版材料（附件2、3、4）。其项目名称是研发科技项目，其支持政策的具体内容是对在重点领域关键技术实现突破的企业，最高给予100万元项目经费支持。鼓励领军型企业、新型研发机构组建创新联合体，聚焦关键技术、基础研究、“卡脖子”难题等重点事项，采用揭榜挂帅等方式开展联合研发攻关。鼓励企业加大研发投入，提升重点企业科研能力，根据企业年度研发经费同比支出增量和增速，最高给予20万元奖励。支持科技型企业开展研发活动，严格落实研发费用加计扣除、高新技术企业所得税减免等政策，对企业和高校院所开展的科技合作项目，根据产学研合作实际开展情况，最高给予10万元奖励。，其支持政策的奖补情况是2022年2月28日-2022年4月2日线上：在江苏省工业互联网示范企业公共服务平台（www.dxplat.com）填报申报信息，并严格按照星级上云企业申报要求如实在平台上传项目申报电子版材料（附件2、3、4）。
南京市-雨花台区的名为《雨花台区关于加快新型都市工业发展的政策意见》实施期2023年1-12月的支持政策。,其发布时间是2023年1月1日。其项目名称是智改数转升级计划，其支持政策的具体内容是支持“智改数转”升级，区内规上工业企业对接区内“智改数转”服务商，围绕两化融合、智能制造、工业互联网、工业信息安全等方向，开展“智改数转”诊断工作，形成“智改数转”诊断报告录入省“智能化改造和数字化转型诊断服务平台”，并通过审核的，给予规上工业企业最高不超过5万元补贴。支持企业新建标识解析二级节点，经上级认定后给予20万元奖励；对新增获得省级三星、四星、五星级上云称号的企业，分别给予0.2万元、1万元、2万元一次性奖励；对新增通过两化融合管理体系贯标评定的企业，给予2万元奖励，其支持政策的奖补情况是2022年2月28日-2022年4月2日线上：在江苏省工业互联网示范企业公共服务平台（www.dxplat.com）填报申报信息，并严格按照星级上云企业申报要求如实在平台上传项目申报电子版材料（附件2、3、4）。其项目名称是数字化转型，其支持政策的具体内容是支持区内企业建设工业互联网平台，提供解决方案、设备连接、工业APP开发等服务，对新增国家级、省级工业互联网平台企业，分别给予50万元、20万元奖励；对新增省级工业互联网标杆工厂的企业给予20万元奖励。对运用工业互联网新技术进行数字化车间和智能工厂建设的规上工业企业，且选择本区企业实施智能化建设与改造服务的，项目建成后，根据第三方审计公司出具的专项审计报告结果，按照企业实际支付费用的5%、给予最高不超过100万元补贴，其支持政策的奖补情况是2022年2月28日-2022年4月2日线上：在江苏省工业互联网示范企业公共服务平台（www.dxplat.com）填报申报信息，并严格按照星级上云企业申报要求如实在平台上传项目申报电子版材料（附件2、3、4）。
