Quary,Answer
国家的支持政策文件有哪些？,1、工业和信息化部办公厅关于开展2021年度国家新型工业化产业示范基地申报工作的通知国家新型工业化产业示范基地申报条件.pdf1、两部门关于组织开展5G+医疗健康应用试点项目申报工作的通知2、“5G+工业互联网”十个典型应用场景和五个重点行业实践3、“5G+工业互联网”512工程推进方案.docx。1、关于组织开展2021年新一代信息技术与制造业融合发展试点示范工作的通知2021年新一代信息技术与制造业融合发展试点示范实施方案.doc。1、关于组织开展2021年新一代信息技术与制造业融合发展试点示范工作的通知2021年新一代信息技术与制造业融合发展试点示范实施方案.doc。1、关于组织开展2021年新一代信息技术与制造业融合发展试点示范工作的通知2021年新一代信息技术与制造业融合发展试点示范实施方案.doc。附件：工业互联网创新发展行动计划（2021-2023年）.doc。1、工业和信息化部办公厅关于组织推荐2021年度国家中小企业公共服务示范平台的通知工信厅企业函〔2021〕90号工业和信息化部办公厅关于组织推荐2021年度国家中小企业公共服务示范平台的通知工信厅企业函〔2021〕90号。附件：工业互联网创新发展行动计划（2021-2023年）.doc。1、《“工业互联网+安全生产”行动计划（2021-2023年）》2、工业互联网企业网络安全分类分级指南（试行）.pdf3、工业和信息化部办公厅关于开展工业互联网企业网络安全分类分级管理试点工作的通知4、GB／T36324-2018信息安全技术工业控制系统信息安全分级规范.pdf。1、2021年新一代信息技术与制造业融合发展试点示范实施方案.doc2、工业和信息化部办公厅关于组织推荐2021年国家技术创新示范企业的通知。关于组织推荐第六批制造业单项冠军和复核第三批制造业单项冠军的通知工业和信息化部办公厅关于开展2021年度绿色制造名单推荐工作的通知。《关于开展2023年度智能制造试点示范行动的通知》（工信厅联通装函〔2023〕212号）。《工业互联网标识管理办法》.docx。2021年大数据产业发展试点示范项目申报和实施指南.doc。
国家支持政策中名为1、工业和信息化部办公厅关于开展2021年度国家新型工业化产业示范基地申报工作的通知国家新型工业化产业示范基地申报条件.pdf的支持政策。,其发布时间是2021年。其项目名称是工业设备网络化，其具体内容是1、支持工业企业对工业现场“哑设备”进行网络互联能力改造，支撑多元工业数据采集。2、提升异构工业网络互通能力，推动工业设备跨协议互通。，其目标是支持地方和龙头企业建设10个工业互联网园区网络，开展面向龙头企业和中小企业的网络互联试点示范。。
国家支持政策中名为1、两部门关于组织开展5G+医疗健康应用试点项目申报工作的通知2、“5G+工业互联网”十个典型应用场景和五个重点行业实践3、“5G+工业互联网”512工程推进方案.docx的支持政策。,其发布时间是2020年、2021年。其项目名称是“5G+工业互联网”，其具体内容是1、支持工业企业建设5G全连接工厂，推动5G应用从外围辅助环节向核心生产环节渗透，加快典型场景推广。2、探索5G专网建设及运营模式，规划5G工业互联网专用频率，开展工业5G专网试点。3、建设公共服务平台，提供5G网络化改造、应用孵化、测试验证等服务。，其目标是到2023年，建成8个“5G+工业互联网”公共服务平台。。
国家支持政策中名为1、关于组织开展2021年新一代信息技术与制造业融合发展试点示范工作的通知2021年新一代信息技术与制造业融合发展试点示范实施方案.doc的支持政策。,其发布时间是2021年。其项目名称是跨行业跨领域综合型工业互联网平台，其具体内容是打造具有国际影响力的工业互联网平台，深化工业资源要素集聚，加速生产方式和产业形态创新变革。，其目标是打造3～5家有国际影响力的综合型工业互联网平台。
国家支持政策中名为1、关于组织开展2021年新一代信息技术与制造业融合发展试点示范工作的通知2021年新一代信息技术与制造业融合发展试点示范实施方案.doc的支持政策。,其发布时间是2021年。其项目名称是重点行业和区域的特色型工业互联网平台，其具体内容是1、聚焦数字基础好、带动效应强的重点行业，打造行业特色工业互联网平台，推动行业知识经验在平台沉淀集聚。2、面向制造资源集聚程度高、产业转型需求迫切的区域，打造区域特色工业互联网平台，推动平台在“块状经济”产业集聚区落地。，其目标是70个行业区域特色平台。
国家支持政策中名为1、关于组织开展2021年新一代信息技术与制造业融合发展试点示范工作的通知2021年新一代信息技术与制造业融合发展试点示范实施方案.doc的支持政策。,其发布时间是2021年。其项目名称是特定技术领域的专业型工业互联网平台，其具体内容是围绕特定工业场景和前沿信息技术，建设技术专业型工业互联网平台，推动前沿技术与工业机理模型融合创新，支撑构建数据驱动、软件定义、平台支撑、服务增值、智能主导的新型制造体系。，其目标是70个行业区域特色平台。
国家支持政策中名为附件：工业互联网创新发展行动计划（2021-2023年）.doc的支持政策。,其发布时间是2021年。其项目名称是工业设备和业务系统上云上平台，其具体内容是1、培育设备上云公共服务平台，推动行业龙头企业核心业务系统云化改造，带动产业链上下游中小企业业务系统云端迁移。2、鼓励地方政府通过创新券、服务券等方式降低上云门槛和成本，创新“挖掘机指数”“空压机指数”等新型经济运行指标。，其目标是面向发展基础良好的特定区域，支持建设20家区域一体化平台，加速区域产业资源共享和设备上云。其项目名称是平台应用服务，其具体内容是开发和推广平台化、组件化的工业互联网行业系统解决方案，培育解决方案服务商，建立平台解决方案资源池和分类目录，开展服务商能力评价。，其目标是打造一批“平台+产品”“平台+模式”“平台+行业/区域”创新解决方案。
国家支持政策中名为1、工业和信息化部办公厅关于组织推荐2021年度国家中小企业公共服务示范平台的通知工信厅企业函〔2021〕90号工业和信息化部办公厅关于组织推荐2021年度国家中小企业公共服务示范平台的通知工信厅企业函〔2021〕90号的支持政策。,其发布时间是2021年。其项目名称是工业互联网公共服务平台，其具体内容是1、提供工业互联网产业发展、供应商能力分级、企业评估等综合服务2、汇集供应商资源与企业需求，促进精准对接。，其目标是打造一批“平台+产品”“平台+模式”“平台+行业/区域”创新解决方案。
国家支持政策中名为附件：工业互联网创新发展行动计划（2021-2023年）.doc的支持政策。,其发布时间是2021年。其项目名称是平台技术供给质量，其具体内容是1、加强平台设备接入、知识沉淀、应用开发等支持能力。2、突破研发、生产、管理等基础工业软件，加速已有工业软件云化迁移，形成覆盖工业全流程的微服务资源池。3、深化“平台+5G”“平台+人工智能”“平台+区块链”等技术融合应用能力。，其目标是到2023年，工业企业及设备上云数量比2020年翻一番。
国家支持政策中名为1、《“工业互联网+安全生产”行动计划（2021-2023年）》2、工业互联网企业网络安全分类分级指南（试行）.pdf3、工业和信息化部办公厅关于开展工业互联网企业网络安全分类分级管理试点工作的通知4、GB／T36324-2018信息安全技术工业控制系统信息安全分级规范.pdf的支持政策。,其发布时间是2021年。其项目名称是“工业互联网+安全生产”，其具体内容是1、针对原材料、危险化学品、矿山、民爆、烟花爆竹等重点行业领域，构建基于工业互联网的安全生产感知、监测、预警、处置及评估体系2、建立风险特征库、失效数据库、安全生产评估模型和工具集，提升工业企业安全生产水平，其目标是到2023年，工业企业及设备上云数量比2020年翻一番。
国家支持政策中名为1、2021年新一代信息技术与制造业融合发展试点示范实施方案.doc2、工业和信息化部办公厅关于组织推荐2021年国家技术创新示范企业的通知的支持政策。,其发布时间是2021年。其项目名称是网络安全，其具体内容是1、针对PLC、数据采集与监视控制系统（SCADA）、远程信息处理器（T-BOX）等关键核心领域，鼓励重点网络安全企业和工业企业联合攻关，打造具备内嵌安全功能的设备产品2、支持云服务企业、网络安全企业在重点城市联合建设安全运营服务中心，实施中小企业“安全上云”工程3、面向装备、电子信息等重点行业，支持工业龙头企业建设一批具有广泛影响力的安全公共服务平台4、流程工业、离散工业差异化特点，加快形成优秀安全解决方案和供应商目录，实现供需快速精准对接。5、重点企业建设集中化安全态势感知和综合防护系统，提升网络和数据安全技术能力6、业主管部门制定分类分级系列安全标准规范，明确企业设备、控制、网络、平台、应用、数据等的安全防护基本要求，开展PLC等重点设备、SCADA等重要系统、工业互联网平台、工业APP动态安全检测评估，其目标是到2023年，分类分级管理模式在全国范围深入推广。建设20个集约化安全运营服务中心、具有较大影响力的重点行业安全公共服务平台，面向工业互联网重点应用领域打造10个网络安全创新应用先进示范区。。
国家支持政策中名为关于组织推荐第六批制造业单项冠军和复核第三批制造业单项冠军的通知工业和信息化部办公厅关于开展2021年度绿色制造名单推荐工作的通知的支持政策。,其发布时间是2021年。其项目名称是智能化制造，其具体内容是1、鼓励大型企业加大5G、大数据、人工智能等数字化技术应用力度2、提升研发设计、工艺仿真、生产制造、设备管理、产品检测等智能化水平，实现全流程动态优化和精准决策。，其目标是到2023年，面向垂直细分行业，形成100个左右新模式应用试点示范。
国家支持政策中名为《关于开展2023年度智能制造试点示范行动的通知》（工信厅联通装函〔2023〕212号）的支持政策。,其发布时间是2021年。其项目名称是智能化制造，其具体内容是（一）申报主体为在中华人民共和国境内注册，具有独立法人资格（石油石化、有色金属等有行业特殊情况的，允许法人的分支机构申报），近三年经济效益较好且信用记录良好的企业。已经承担智能制造示范工厂揭榜任务的主体不再重复申报。（二）申报主体的智能制造水平应处于国内领先地位，具有较强的示范引领作用，使用的关键技术装备、工业软件安全可控，解决方案无知识产权纠纷。（三）智能制造示范工厂申报主体应当开展智能制造能力成熟度自评估，达到国家标准GB/T39116-2020《智能制造能力成熟度模型》二级及以上或满足相关行业智能制造指导性文件要求。（四）申报主体愿意主动配合开展现场评估和宣传总结，积极推广典型经验。（五）申报材料详细描述建设场景，重点突出、言简意赅、逻辑严密，能从实施方法、实施要素等方面提供借鉴、引导创新，具有较强的可读性，不涉及国家秘密、商业秘密等内容。每个场景描述控制在3000字以内，可配图说明。（六）申报主体近三年未发生重大、特大安全生产事故，重大、特大环境事故，无违法违规行为。，其目标是到2023年，面向垂直细分行业，形成100个左右新模式应用试点示范。
国家支持政策中名为《工业互联网标识管理办法》.docx的支持政策。,其发布时间是2021年。其项目名称是智能化制造，其具体内容是1、培育一批系统集成解决方案供应商，拓展冷链物流、应急物资、智慧城市等领域规模化应用。组织开展全国工业互联网标识创新大赛，遴选100个典型应用案例。2、面向汽车、船舶、仪器仪表等重点领域，加快推动基于5G、窄带物联网（NB-IoT）等技术的主动标识载体规模化应用，部署不少于3000万枚，建设各类主动标识载体可信管理平台。3、建设标识数据服务资源池，提升行业、产业数据服务效率。，其目标是引导企业建设二级节点不少于120个、递归节点不少于20个。构建基于标识解析的区块链基础设施，支持各地部署不少于20个融合节点，提供基于区块链的标识资源分配、管理、互操作等基础服务。。
国家支持政策中名为2021年大数据产业发展试点示范项目申报和实施指南.doc的支持政策。,其发布时间是2021年。其项目名称是工业互联网大数据中心，其具体内容是1、面向政府提供工业经济和产业运行监测指挥、应急事件预警协调等服务2、面向行业提供数据管理能力提升、工业资源共享、解决方案推广等服务，为企业提供设备与业务系统上云、产融合作、供需对接等服务。3、加强工业互联网推广应用与银行保险机构数字化转型的联动衔接，搭建基于工业互联网的中小微企业数据集成和共享平台，探索工业互联网大数据在金融服务中的应用，其目标是到2023年，基本建成国家工业互联网大数据中心体系，建设20个区域级分中心和10个行业级分中心。其项目名称是高质量工业APP，其具体内容是1、发展普适性强、复用率高的基础共性工业APP，以及基于知识图谱和智能算法的可适性工业APP。2、打造一批经济价值高、推广作用强的行业通用工业APP。3、面向特定领域、特定场景个性化需求，培育一批企业专用工业APP。4、发展基于数字孪生技术的工业智能解决方案，支持开源社区、开发者社区建设，发展工业APP商店，促进工业APP交易流转。，其目标是建设高质量的工业微服务和工业APP资源池，工业APP数量达到50万个。其项目名称是平台间数据互联互通，其具体内容是1、构建平台数据字典互认机制，统一工业数据、算法模型、微服务等调用接口；2、推动机理模型和工业APP的跨平台调用与订阅，打造协同发展、多层次系统化平台体系，其目标是建设高质量的工业微服务和工业APP资源池，工业APP数量达到50万个。
