Quary,Answer
常州市的支持政策文件有哪些？,市工信局关于做好2022年首批星级上云企业申报工作的通知(changzhou.gov.cn)关于组织申报2021年常州市工业互联网专项资金的通知。关于组织申报2021年工业高质量发展专项资金项目的通知。市工信局关于组织申报2022年度常州市“专精特新”中小企业的通知(changzhou.gov.cn)。关于印发《关于推进高质量工业智造明星城建设的若干政策》的通知。——。《关于组织申报2023年度常州市专精特新中小企业的通知》。《关于组织申报2022年度常州市中小微企业发展专项资金项目的通知》。关于转发《江苏省工信厅关于开展2023年省规划布局内重点软件企业和专精特新软件企业培育入库工作的通知》的通知。关于组织申报2023年常州市智能制造示范区的通知。《关于“发展四大经济推动生态创新”三年行动计划的实施意见》《溧阳市“十四五”制造业高质量发展规划》公示。关于开展2022年首批省星级上云企业申报工作的通知。关于组织开展2022年度省级专精特新中小企业申报认定和2019年度省级专精特新企业复核的通知。《天宁区关于推动产业强区的若干政策》。
常州市的名为市工信局关于做好2022年首批星级上云企业申报工作的通知(changzhou.gov.cn)的支持政策。,其发布时间是2022年2月10日。其项目名称是星级上云，其支持政策的申报时间和方式是2022年2月28日-2022年4月11日（其中，五星级的申报截止日期为2022年4月25日）线上：江苏省工业互联网示范企业公共服务平台（简称：苏工服平台，www.dxplat.com）将于2022年2月28日开通申报。请各申报企业按照要求在平台填报申报信息，并严格按照星级上云企业申报要求如实在平台上传项目申报电子版材料（附件2、3、4）
常州市的名为关于组织申报2021年常州市工业互联网专项资金的通知的支持政策。,其发布时间是2021年5月28日。其项目名称是工业互联网示范试点类企业（工业互联网重点平台、工业互联网标杆工厂、工业互联网典型应用企业、工业互联网专业服务商等），其支持政策的申报时间和方式是1．线上申报：申报单位登录“常州市创新创业服务平台”（网址：http://www.czcycx.com/），点击“政策服务”版块，选择对应申报项目进行申报，上传相关资料。上传资料应与线下申报资料一致。2．线下申报：书面材料须以辖市（区）为单位，由辖市（区）工信部门统一汇总后报送至常州市创新创业服务平台窗口（常州市政务服务中心1-2号三楼D1窗口）。企业书面申报和网上申报时间为2021年5月8日-2020年5月31日
常州市的名为关于组织申报2021年工业高质量发展专项资金项目的通知的支持政策。,其发布时间是2021年5月12日。其项目名称是智能工厂、，其支持政策的申报时间和方式是1．线上申报：申报单位登录“常州市创新创业服务平台”（网址：http://www.czcycx.com/），点击“政策服务”版块，选择对应申报项目进行申报，上传相关资料。上传资料应与线下申报资料一致。2．线下申报：书面材料须以辖市（区）为单位，由辖市（区）工信部门统一汇总后报送至常州市创新创业服务平台窗口（常州市政务服务中心1-2号三楼D1窗口）。企业书面申报和网上申报时间为2021年5月8日-2020年5月31日其项目名称是省级“5G+工业互联网”融合应用，其支持政策的申报时间和方式是1．线上申报：申报单位登录“常州市创新创业服务平台”（网址：http://www.czcycx.com/），点击“政策服务”版块，选择对应申报项目进行申报，上传相关资料。上传资料应与线下申报资料一致。2．线下申报：书面材料须以辖市（区）为单位，由辖市（区）工信部门统一汇总后报送至常州市创新创业服务平台窗口（常州市政务服务中心1-2号三楼D1窗口）。企业书面申报和网上申报时间为2021年5月8日-2020年5月31日其项目名称是两化（深度）融合类示范试点，其支持政策的申报时间和方式是1．线上申报：申报单位登录“常州市创新创业服务平台”（网址：http://www.czcycx.com/），点击“政策服务”版块，选择对应申报项目进行申报，上传相关资料。上传资料应与线下申报资料一致。2．线下申报：书面材料须以辖市（区）为单位，由辖市（区）工信部门统一汇总后报送至常州市创新创业服务平台窗口（常州市政务服务中心1-2号三楼D1窗口）。企业书面申报和网上申报时间为2021年5月8日-2020年5月31日
常州市的名为市工信局关于组织申报2022年度常州市“专精特新”中小企业的通知(changzhou.gov.cn)的支持政策。,其发布时间是2022年2月10日。其项目名称是专精特新“小巨人”企业，其支持政策的申报时间和方式是2022年2月10日-2022年3月15日线下：申报企业如实填写《2022年度常州市“专精特新”中小企业申请书》（见附件1），和相关佐证材料（见附件2）一起装订成册（含目录和索引页），并提交至辖市（区）工信部门初审
常州市的名为关于印发《关于推进高质量工业智造明星城建设的若干政策》的通知的支持政策。,其发布时间是2021年3月23日。其项目名称是专精特新“小巨人”企业，
常州市的名为——的支持政策。,其发布时间是——。其项目名称是服务型制造示范企业，
常州市的名为《关于组织申报2023年度常州市专精特新中小企业的通知》的支持政策。,其发布时间是2023年6月2日。其项目名称是专精特新中小企业，其支持政策的申报时间和方式是二、申报流程（一）申报企业如实填写《2023年度常州市专精特新中小企业申报书》（附件1）和佐证材料（参考附件2）一起装订成册，于6月30日前报送至辖市（区）工信部门初审（咨询方式附后）。（二）各地工信部门严格把关，重点审核企业规模、产品市场占有率、独立法人地位以及有无环境、质量、安全等方面违法记录等，对照《常州市专精特新中小企业评价标准》（附件4）对企业申报材料进行初审，提出审核意见。各辖市（区）工信部门于7月12日前将推荐行文及推荐汇总表（纸质1份，excel电子版）、企业申报材料（纸质1份）报市工信局中小企业促进处。企业纸质申报材料请按推荐汇总表顺序在左上角标写序号，并按序整理。
常州市的名为《关于组织申报2022年度常州市中小微企业发展专项资金项目的通知》的支持政策。,其发布时间是2022年7月22日。其项目名称是专精特新中小企业，其支持政策的申报时间和方式是按不超过企业2021年度购置设备投入（不含税金额）的2%予以补助，最高不超过100万元。
常州市的名为关于转发《江苏省工信厅关于开展2023年省规划布局内重点软件企业和专精特新软件企业培育入库工作的通知》的通知的支持政策。,其发布时间是2023年3月30日。其项目名称是省规划布局内重点软件企业和专精特新软件企业培育入库，其支持政策的申报时间和方式是要广泛发动，重点企业点对点通知，做好初审把关工作，并填写《2023年江苏省规划布局内重点软件企业培育推荐名单》及《2023年江苏省专精特新软件企业培育推荐名单》（见苏工信软件〔2023〕119号附件1，2），加盖公章，同企业评估纸质材料（1份），于6月30日前报我处，电子版发邮箱。
常州市的名为关于组织申报2023年常州市智能制造示范区的通知的支持政策。,其发布时间是2023年3月20日。其项目名称是市智能制造示范区，其支持政策的申报时间和方式是一、申报条件（一）申报主体为工业园区（集中区）所在乡镇、街道、开发区；（二）工业园区（集中区）以交通主干道、河流等为边界，地理范围明确，申报区域由申报部门自行划定；（三）工业园区（集中区）年度规上工业企业总产值达到30亿元，规上工业企业数量不低于50家；（四）工业园区（集中区）产业特色鲜明、集聚集约，主导产业发展聚焦我市十大先进制造业集群建设；（五）工业园区（集中区）企业发展质效良好，转型成效明显，年度规上工业企业中资源集约利用综合评价A类和B类企业占比超过90%。二、申报程序工业园区（集中区）所在乡镇（街道、开发区）根据《常州市智能制造示范区培育实施方案（试行）》要求，向所在辖市、区工信部门提出申请，并提交《常州市智能制造示范区申报书》（附件1）及相关证明材料、《常州市智能制造示范区培育建设情况汇总表》（附件2）。辖市、区工信部门审核汇总后行文报送至市工信局。三、相关要求请各辖市、区工信（经发）局，常州经开区经发局于4月28日前将推荐文件、申报材料一式一份报至市工信局装备工业处，电子文档同步报送。
常州市-溧阳市的名为《关于“发展四大经济推动生态创新”三年行动计划的实施意见》《溧阳市“十四五”制造业高质量发展规划》公示的支持政策。,其发布时间是2021年11月7日。其项目名称是星级上云，其支持政策的申报时间和方式是1.首次获评五星级、四星级上云企业，分别奖励20万元、10万元（三星：5万、四星：10万、五星：15万）其项目名称是两化融合，其支持政策的申报时间和方式是2.首次获得国家两化融合管理体系贯标评定认证的企业，奖励30万元其项目名称是（工厂），其支持政策的申报时间和方式是3.新认定为省示范（工厂）的企业，奖励50万元
常州市-武进区的名为关于开展2022年首批省星级上云企业申报工作的通知的支持政策。,其发布时间是2022年2月22日。其项目名称是智能工厂、，其支持政策的申报时间和方式是2022年2月28日-2022年4月10日（其中，五星级的申报截止日期为2022年4月24日）线上：江苏省工业互联网示范企业公共服务平台（简称：苏工服平台，www.dxplat.com）将于2022年2月28日开通申报。请各申报企业按照要求在平台填报申报信息，并严格按照星级上云企业申报要求如实在平台上传项目申报电子版材料（附件2、3、4）
常州市-武进区的名为关于组织开展2022年度省级专精特新中小企业申报认定和2019年度省级专精特新企业复核的通知的支持政策。,其发布时间是2022年9月22日。其项目名称是专精特新创新型中小企业，其支持政策的申报时间和方式是企业于2022年10月17日前线上提交并线下报送纸质材料〔一式贰份，包括：企业申报书（附件1）/企业复核申请书（附件2）、相关佐证材料（胶装成册）、推荐汇总表（附件3或4）〕至武进区工信局中小科（区政府3号楼211）。材料电子版（word文档）请同步报送至wjqzxk@163.com。
常州市—天宁区的名为《天宁区关于推动产业强区的若干政策》的支持政策。,"其发布时间是2022年4月19日。其项目名称是智能工厂、，其支持政策的申报时间和方式是据悉，所有政策兑现需经企业自主申报，属地板块初审，牵头单位研究后形成建议名单，并经市场监管、统计、税务等部门复核，报经区政府常务会议和区委常委会审议通过后，再行兑现。其项目名称是智能工厂、，其支持政策的申报时间和方式是据悉，所有政策兑现需经企业自主申报，属地板块初审，牵头单位研究后形成建议名单，并经市场监管、统计、税务等部门复核，报经区政府常务会议和区委常委会审议通过后，再行兑现。其项目名称是专精特新小巨人企业，其支持政策的申报时间和方式是据悉，所有政策兑现需经企业自主申报，属地板块初审，牵头单位研究后形成建议名单，并经市场监管、统计、税务等部门复核，报经区政府常务会议和区委常委会审议通过后，再行兑现。其项目名称是服务型制造示范企业（平台），其支持政策的申报时间和方式是据悉，所有政策兑现需经企业自主申报，属地板块初审，牵头单位研究后形成建议名单，并经市场监管、统计、税务等部门复核，报经区政府常务会议和区委常委会审议通过后，再行兑现。其项目名称是省级工业互联网示范企业，其支持政策的申报时间和方式是据悉，所有政策兑现需经企业自主申报，属地板块初审，牵头单位研究后形成建议名单，并经市场监管、统计、税务等部门复核，报经区政府常务会议和区委常委会审议通过后，再行兑现。其项目名称是市级工业互联网标杆工厂，其支持政策的申报时间和方式是据悉，所有政策兑现需经企业自主申报，属地板块初审，牵头单位研究后形成建议名单，并经市场监管、统计、税务等部门复核，报经区政府常务会议和区委常委会审议通过后，再行兑现。其项目名称是""5G+工业互联网“应用项目，其支持政策的申报时间和方式是据悉，所有政策兑现需经企业自主申报，属地板块初审，牵头单位研究后形成建议名单，并经市场监管、统计、税务等部门复核，报经区政府常务会议和区委常委会审议通过后，再行兑现。其项目名称是两化融合管理体系贯标，其支持政策的申报时间和方式是据悉，所有政策兑现需经企业自主申报，属地板块初审，牵头单位研究后形成建议名单，并经市场监管、统计、税务等部门复核，报经区政府常务会议和区委常委会审议通过后，再行兑现。其项目名称是星级上云，其支持政策的申报时间和方式是据悉，所有政策兑现需经企业自主申报，属地板块初审，牵头单位研究后形成建议名单，并经市场监管、统计、税务等部门复核，报经区政府常务会议和区委常委会审议通过后，再行兑现。其项目名称是星级上云，其支持政策的申报时间和方式是据悉，所有政策兑现需经企业自主申报，属地板块初审，牵头单位研究后形成建议名单，并经市场监管、统计、税务等部门复核，报经区政府常务会议和区委常委会审议通过后，再行兑现。"
