Quary,Answer
江苏省的支持政策文件有哪些？,关于组织2023年度江苏省工业和信息产业转型升级专项资金项目申报入库的通知《江苏省智能制造领军服务机构遴选培育实施方案（试行）》关于印发《江苏省智能制造领军服务机构遴选培育实施方案（试行）》的通知.pdf附件1-江苏省智能制造领军服务机构申报书0720.doc关于开展2022年江苏省智能制造领军服务机构遴选工作的通知。关于充实和加强省工业互联网服务资源池建设工作的通知关于充实和加强省工业互联网服务资源池建设工作的通知.pdf附件1：江苏省工业互联网服务资源池入池申请和分类分级评估工作说明（试行）.docx。关于做好2023年省级智能制造示范车间申报工作的通知。关于组织2023年度江苏省工业和信息产业转型升级专项资金项目申报入库的通知。关于组织开展2022年度“千企升级”企业入库培育和创新型中小企业评价工作的通知。《关于组织开展2023年度省级专精特新中小企业申报认定和2020年度省级专精特新企业复核工作的通知》。《关于加快推进5G全连接工厂建设的通知》。《关于组织开展2023年度5G工厂申报工作的通知》。关于组织开展2023年国家服务型制造示范遴选和评估评价工作的通知。关于开展第四批省级绿色工厂暨第一批省级绿色工业园区推荐工作的通知。《关于开展2023年江苏省重点领域首版次软件产品征集工作的通知》。《关于开展2023年度省级中小企业公共服务示范平台认定推荐工作的通知》。《关于组织开展2023年新一代信息技术典型产品、应用和服务案例遴选工作的通知》》。《关于组织申报2023年跨行业跨领域工业互联网平台的通知》。《省委网信办省发展改革委省工业和信息化厅省生态环境厅省通信管理局关于开展江苏省数字化绿色化协同转型发展服务资源池单位征集工作的通知》。
江苏省的名为关于组织2023年度江苏省工业和信息产业转型升级专项资金项目申报入库的通知的支持政策。,其发布时间是2022年10月24日。其项目名称是高端化改造升级，其项目将补申请是按不超过项目总投入的10%予以补助，单个项目支持额度最高不超过4000万元。首次拨付补助资金总额的50%，通过验收审核后，拨付剩余资金其具体内容是一、申报条件（1）项目实施地在江苏省域内，符合重点方向要求，研发类项目不予支持。（2）重大技术改造项目总投入不低于1亿元，产业基础再造项目总投入不低于5000万元。项目总投入不含税额，包括设备、工具、器具等固定资产投资（不含土建投资和铺底流动资金），以及与项目相关的软件系统集成、检验检测、专利等其他投入。（3）项目备案（核准）、环评、能评等手续完备（无需相关手续的须由项目推荐单位作出说明）。（4）项目已开工建设（须由项目所在地工信部门出具开工证明）但尚未竣工。（5）优先支持列入省重大工业项目清单的项目。二、支持数量不超过30个其项目名称是智能制造示范工厂，其项目将补申请是按不超过项目总投入的10%予以补助，单个项目支持额度最高不超过2000万元。其具体内容是一、申报条件①项目的申报主体须为省级（含）以上智能制造示范工厂。②项目备案（核准）、环评、能评等手续完备（无需相关手续的须由项目推荐单位作出说明）。③项目实施周期不超过3年，须在2021年1月1日（含）至2022年6月30日（含）期间完工，并在项目申报截止日期前由项目推荐单位完成验收工作（须由项目推荐单位出具验收意见）。④项目总投入不低于3000万元。项目总投入不含税额，包括智能化设备、工具、器具等固定资产投资（不含土建投资和铺底流动资金），以及与项目相关的工业软件、云资源及网络费用、调试安装费用、咨询、设计、检测、评价等投入。其中，软件、系统集成、公私有云等投入不低于300万元。二、申报主体符合条件的规模以上工业企业三、支持数量不超过15个其项目名称是工业互联网标杆工厂，其项目将补申请是按不超过项目总投入的10%予以补助，单个项目支持额度最高不超过1000万元。其具体内容是一、申报条件①项目的申报主体须为2018年以来省级（含）以上工业互联网标杆工厂，通过国家两化融合管理体系贯标（A级（含）以上等级），且在省两化融合贯标联盟完成贯标备案审核。②项目备案(核准）、环评、能评等手续完备（无需相关手续的须由项目推荐单位做出说明）。③项目在2021年1月1日（含）至2022年6月30日（含）期间完工，并在项目申报截止日期前由项目推荐单位完成验收工作（须由项目推荐单位出具验收意见）。④项目总投入不低于3000万元。项目总投入不含税额，包括设备、工具、器具等固定资产投资（不含土建投资和铺底流动资金），以及与项目相关的工业软件、云资源及网络费用、调试安装费用、咨询、设计、检测、评价等投入。其中，软件、系统集成、公私有云等投入不低于300万元。⑤按照《江苏省工业互联网标杆工厂建设指南》，在制造系统能力、企业标杆能力、业态模式创新等方面，至少有3项（含）细分指标比认定时提升（须提供第三方测试报告）。二、申报主体符合条件的规模以上工业企业三、支持数量不超过10个其项目名称是“5G+工业互联网”融合应用，其项目将补申请是按不超过项目总投入的10%予以补助，单个项目支持额度最高不超过1000万元。其具体内容是（1）支持条件①项目实施区域内5G网络全面覆盖，搭建边缘计算系统（MEC），应用设备全部联网，其中，基于5G网络连接的设备无线联网率（5G方式联网设备/所有无线方式联网设备）不低于50%。②将5G技术集成应用于生产各环节中，应用工信部发布的场景数量不少于8个，应用标识解析开展数据连接，推动数据/信息的查找和追溯。③项目备案（核准）、环评、能评等手续完备（无需相关手续的须由项目推荐单位作出说明）。④项目在2021年1月1日（含）至2022年6月30日（含）期间完工，并在项目申报截止日期前由项目推荐单位完成验收工作（须由项目推荐单位出具验收意见）。⑤项目总投入不低于2000万元。项目总投入不含税额，包括利用5G技术完成智能化改造的设备、信息化硬件（工具、器具），以及与项目相关的工业软件、云资源及网络费用、调试安装费用、咨询、设计、检测、评价等投入。其中，软件、系统集成、公私有云等投入不低于300万元。（2）申报主体符合条件的规模以上工业企业（3）支持数量不超过10个
江苏省的名为《江苏省智能制造领军服务机构遴选培育实施方案（试行）》关于印发《江苏省智能制造领军服务机构遴选培育实施方案（试行）》的通知.pdf附件1-江苏省智能制造领军服务机构申报书0720.doc关于开展2022年江苏省智能制造领军服务机构遴选工作的通知的支持政策。,其发布时间是2022年6月28日。其项目名称是智能制造领军服务机构，其项目将补申请是按不超过项目总投入的10%予以补助，单个项目支持额度最高不超过1000万元。其具体内容是（一）在江苏省域内注册、具有独立法人资格且正常经营一年以上（截至2021年12月31日）。（二）2021年主营业务收入不少于3000万元，具有健全的财务管理机构和制度。（三）诚信守法，近三年内未发生重大及以上安全、环保、质量事故，无严重失信行为。（四）具有较强的综合集成服务能力和完善的服务体系，在申报行业具有良好的品牌影响力和资源整合力，已经形成3个及以上可复制、可推广、示范性强的场景案例。（五）拥有自主核心技术，其中智能制造系统集成技术相关的授权专利不少于6项（发明专利不少于1项）或与智能制造相关的软件著作权不少于10项，且近三年内无知识产权侵权行为。（六）符合国家智能制造系统解决方案供应商联盟发布的《智能制造系统解决方案供应商规范条件》规定条件的，优先遴选推荐。
江苏省的名为关于充实和加强省工业互联网服务资源池建设工作的通知关于充实和加强省工业互联网服务资源池建设工作的通知.pdf附件1：江苏省工业互联网服务资源池入池申请和分类分级评估工作说明（试行）.docx的支持政策。,其发布时间是2021年7月30日。其项目名称是工业互联网服务资源池，其项目将补申请是按不超过项目总投入的10%予以补助，单个项目支持额度最高不超过1000万元。其具体内容是1在江苏省工业互联网示范企业公共服务平台（www.dxplat.com）填报申报信息，并按照《江苏省工业互联网服务资源池入池申请和分类分级评估工作说明（试行）》（附件1）（以下简称：评估说明）相关要求，如实在平台上传项目申报电子版材料（附件2）2江苏省工业互联网服务资源池分类分级评估工作采用线上评估的方式，依托江苏省工业互联网示范企业公共服务平台开展。3资源池现有单位可在本文件发出后的1年内根据评估说明的相关要求申请评级，1年内未通过评估的池内单位将予以除名；目前未纳入江苏省工业互联网服务资源池单位的可根据评估说明进行评级申请，通过评估后将纳入江苏省工业互联网服务资源池并进行分级管理。4已认定的省重点工业互联网平台和省工业电子商务重点培育平台的服务商可根据评估说明要求，仅需线上填报信息，并上传申请表，以及省重点工业互联网平台和省工业电子商务重点培育平台的认定文件，在满足申报基本条件的情况下可直接评估为三星级综合（特色）工业互联网平台服务商。如申请更高星级，需根据评估说明要求准备详细材料并在线上进行提交。5分类分级评估每半年度组织开展1次，定级后最早可在下一年度同一批次申请升级评估。每次定级有效期3年，到期前服务商应进行复评，超期未复评的将除名，从而建立起资源池的循环滚动机制。6请各地工信局根据评估说明，做好本地服务商分类分级的组织、发动工作，按规定的时间节点做好申报材料的准备、录入、审核、报送等工作
江苏省的名为关于做好2023年省级智能制造示范车间申报工作的通知的支持政策。,其发布时间是2023年6月28日。其项目名称是省级智能制造示范车间，其项目将补申请是按不超过项目总投入的10%予以补助，单个项目支持额度最高不超过1000万元。其具体内容是一、申报智能制造示范车间的企业须符合以下基本条件:1.企业是在江苏省境内注册、具有独立法人资格且正常经营一年以上(截至2022年12月31日)的制造业企业。2.企业具有健全的财务管理机构和制度，诚信守法，近三年未发生重大及以上安全、环保、质量事故，无严重失信行为。3.企业申报的车间在2023年5月31日前已建成并正常投产使用。二、申报方式请各设区市工信部门于7月21日前将请示文件（一式两份）、申报汇总表、审核情况表、智能制造示范车间申请表、企业营业执照（复印件）、真实性承诺书报送至省工业和信息化厅投资与技术改造处，并将电子文档发送至邮箱tzc1904@163.com。联系人：投资与技术改造处联系方式：025-69652786/69652864注：原则上一家企业只能申报一个车间，已获得两个及以上省级智能制造示范车间（省级示范智能车间）的企业不得再次申报。
江苏省的名为关于组织2023年度江苏省工业和信息产业转型升级专项资金项目申报入库的通知的支持政策。,其发布时间是2022年10月24日。其项目名称是专项资金入库，其项目将补申请是按不超过项目总投入的10%予以补助，单个项目支持额度最高不超过1000万元。其具体内容是（一）在江苏省域内注册，具有独立的法人资格且正常经营1年以上（截至2022年6月30日）。其中，“i创杯”大赛获奖、工业互联网标识解析等前瞻类以及转移至苏北的项目申报主体可不受经营年限限制。（二）具有健全的财务管理机构和制度。（三）诚信守法，近三年未发生重大（含）以上安全、环保、质量事故（事件），无严重失信行为。（四）同一申报单位原则上只能申报一个项目，已获得江苏省工业和信息产业转型升级专项资金支持但尚未完成验收的单位，本次不得再申报项目（省级以上授牌认定奖励、省委省政府部署的重大展会、重大活动项目除外）。（五）同一项目获得过国家和省级财政资金支持的，不再予以支持。（六）申报项目的相关发票不得重复使用。（七）《项目指南》明确的具体申报条件。
江苏省的名为关于组织开展2022年度“千企升级”企业入库培育和创新型中小企业评价工作的通知的支持政策。,其发布时间是2022年7月26日。其项目名称是“千企升级”企业入库培育和创新型中小企业评价，其项目将补申请是按不超过项目总投入的10%予以补助，单个项目支持额度最高不超过1000万元。其具体内容是（一）新增企业申报入库。按自愿申报原则，新增企业在平台上按要求进行注册申报入库。各地结合实际，参考《江苏省“千企升级”三年行动计划（2020-2022年）》的“企业分类入库标准条件”和《工信部优质中小企业梯度培育管理暂行办法》的“创新型中小企业评价标准”，围绕先进制造业集群和产业链关键核心环节，聚焦工业“六基”领域（核心基础零部件、核心基础元器件、关键软件、先进基础工艺、关键基础材料、产业技术基础），组织推荐更多拥有核心技术的成长性好、专业化水平高、创新能力强、产品服务特色化明显的企业申报入库。（二）在库企业信息更新。往年已入库的培育企业，须在平台上按要求进行年度数据更新，已获得省级以上专精特新小巨人认定的企业也须同步进行信息更新，各地工信部门做好督促指导工作。
江苏省的名为《关于组织开展2023年度省级专精特新中小企业申报认定和2020年度省级专精特新企业复核工作的通知》的支持政策。,其发布时间是2023年8月4日。其项目名称是2023年度省级专精特新中小企业申报认定和2020年度省级专精特新企业复核，其项目将补申请是按不超过项目总投入的10%予以补助，单个项目支持额度最高不超过1000万元。其具体内容是一、2023年度省级专精特新中小企业申报认定（一）推荐范围。申报企业须为中小企业（符合《中小企业划型标准规定》（工信部联企业﹝2011﹞300号）），在江苏境内注册，具有独立法人—1—资格，经营和信用状况良好，纳入“江苏省优质中小企业培育库”的在库企业（年度新增入库或数据更新通过审核），且公告为创新型中小企业（有效期内）。优先推荐属于“1650”产业体系重点领域企业。（二）推荐条件。符合《实施细则》附件2明确的“专精特新中小企业认定标准”规定条件，其中“评价指标”第10项“企业和产品所属产业领域优势”C项调整为：分布在全省“1650”产业体系50条重点产业链，其中卓越产业链3分、未来产业链和优势产业链均2分。相关概念需按《实施细则》附件4严格把握。（三）申报方式及审核流程。1.企业申报。申报采取线上填报与线下报送相结合的方式。企业按照自愿申报原则，进入“江苏政务服务网－江苏省工业和信息化厅旗舰店”（huups://www.jszwfw.gov.cn/col/col140127/index.huml），在线办理“专精特新中小企业培育和认定”，通过统一身份认证系统登录后，按照申报步骤和要求填报《江苏省专精特新中小企业申报书》（附件1）并上传相关佐证材料，于9月10日前完成并提交（9月10日24：00时系统将关闭企业填报提交功能）。纸质申报书需由企业通过线上系统直接打印，用普通A3白纸双面骑马钉单独装订并签字盖章，相关纸质佐证材料另行装订成一册。企业须对线上线下报送材料的真实性、一致性和准—2—确性负责。2.审核推荐。请各设区市工信局严格把关，对照条件对企业申报材料进行初审，重点审核独立法人地位、企业规模、所属领域、产品核心竞争力和市场占有率、产业链配套能力以及有无环境、质量、安全等方面违法记录等。各设区市工信局按要求在企业纸质申报书填写初核推荐意见并盖章，同时在线提交审核推荐意见。3.审核认定。省工信厅将按程序组织对各地推荐申报的企业进行形式审查、专家评审等综合性审核后，择优确定认定企业名单。认定结果将在省工信厅门户网站进行公示公告，有效期为3年。二、2020年度省级专精特新企业复核（一）复核范围。2020年度被认定为省级专精特新企业（包括专精特新产品和制造类、创新类小巨人企业），已纳入“江苏省优质中小企业培育库”并按要求进行年度数据更新且通过县（市、区）工信部门审核。（二）复核初审。各设区市工信局组织符合要求的企业线上填报《江苏省专精特新中小企业复核申请书》（附件2）和相关佐证材料，并报送有关纸质材料。各设区市工信局要坚持标准、严格把关，通过现场调研与材料审核相结合的方式，对照认定条件和标准逐一审查、核实后，进行复核初审，提出推荐意见。对于—3—未通过复核的，也须说明原因。（三）审核公布。省工信厅将组织对各地复核推荐企业进行形式审核，视情进行实地抽查核实，并公布通过复核的专精特新中小企业名单。为加强政策衔接，在该名单公布前，原2020年度省级专精特新小巨人企业称号依然有效；在该名单公布后，原称号自动失效，有效期重新计算。三、有关要求（一）省级专精特新中小企业认定申报和复核均由企业自愿申请，企业如实填报并提供真实资料，相关申请均不收取任何费用。（二）对于已获批国家专精特新“小巨人”企业或已列为省级专精特新中小企业（包含往年认定的省专精特新产品、小巨人企业）且在有效期内的，不再推荐；对于与上述企业存在控股关系（持股或被持股比例超过50%），以及同一集团内生产相似主导产品的企业，不予推荐。（三）请各设区市工信局高度重视，切实加强组织协调，指导符合条件的企业积极申报认定和复核，落实审核责任，对申报材料严格把关，做好政策宣贯解读，按程序进行推荐。同时，进一步加强优质企业摸排，动员更多企业入库培育，加快成长为创新型中小企业。（四）各地于9月17日前线上提交审核推荐意见、线下报送—4—纸质材料〔一式一份，包括：企业申报书（附件1，填写初核推荐意见并盖章）、企业复核申请书（附件2，填写初核推荐意见并盖章）、加盖公章的正式推荐文和推荐汇总表（附件3和4）〕，邮寄至南京市鼓楼区北京西路16号苏兴大厦中小企业局。材料电子版（word文档）请同步报送至邮箱jsjxwzxqy@126.com。企业报送的纸质佐证材料由各设区市工信部门存档备查，无需上报。
江苏省的名为《关于加快推进5G全连接工厂建设的通知》的支持政策。,"其发布时间是2023年2月20日。其项目名称是5G工厂，其项目将补申请是按不超过项目总投入的10%予以补助，单个项目支持额度最高不超过1000万元。其具体内容是（一）编制年度项目清单。各设区市工信局根据2023年底全省累计开展5G全连接工厂建设企业数量达350家的既定目标和各设区市年度任务分解表，对标5G全连接工厂建设指南和江苏省5G全连接工厂申报书要求，推动本地区前期已实施的“5G+工业互联网”融合应用项目和在建项目加快拓展升级，编制项目清单(详见附表),遴选排定2023年度5G全连接工厂项目。（二）打造标杆示范项目。各设区市工信局组织电信运营企业与重点行业企业深化合作，聚焦企业应用需求，围绕生产核心环节建设多场景融合、多设备协同、多系统集成的5G全连接工厂项目，打造行业示范引领案例。省工信厅将持续组织开展5G全连接工厂项目申报工作，年底前按计划遴选40个省级示范项目，依托工信部工业互联网试点示范创建，择优向工信部推荐各市5G全连接工厂示范项目，争创国家示范标杆。（三）加大政策支持力度。发挥财政资金引导作用，省工业和信息产业转型升级专项资金对符合条件的5G应用项目给予支持。鼓励有条件的地方对建成的5G全连接工厂项目进行资金奖补，引导企业结合应用需求加快项目建设。鼓励各类产业基金、社会资本支持5G全连接工厂创新项目，培育新业态、新模式。（四）广泛开展宣传引导。省工信厅组织开展“百城千园行”活动，推动园区利用5G技术升级改造园区网络和企业内网，引导各类企业建设5G全连接工厂。适时召开5G全连接工厂培训会、现场会，解读相关政策、加强交流互动，凝聚发展共识。各设区市工信局要积极开展多种形式精准化宣传推广对接，开展5G全连接工厂进企业、进车间活动，宣传典型案例，激发企业创新活力。（另：2023年度5G全连接工厂项目清单电子版请于3月17日前报送至省工信厅信息基础设施处。）"
江苏省的名为《关于组织开展2023年度5G工厂申报工作的通知》的支持政策。,"其发布时间是2023年7月19日（更新时间）。其项目名称是5G工厂，其项目将补申请是按不超过项目总投入的10%予以补助，单个项目支持额度最高不超过1000万元。其具体内容是二、申报条件(一)申报企业在江苏省境内注册，具有独立法人资格，具有健全的财务管理机构和制度，信用记录良好。(二)申报企业近三年未发生重大、特大安全生产事故，未发生重大、特大环境事故，无违法违规行为。(三)申报项目应符合《5G全连接工厂建设指南》,使用的关键技术装备、工业软件须安全可控。(四)申报项目须为已建成项目。已获得2022年省级5G工厂项目的，不再参与本次申报。三、工作要求(一)申报企业应认真对照工信部印发的《5G全连接工厂建设指南》,填报江苏省5G工厂申报书(附件1)。申报企业须对填报材料的真实性、准确性、完整性负责，并按要求在申报书真实性承诺处签字盖章。(二)各设区市工信局加强组织申报工作，做好推荐项目材料审核及现场核查工作，并于2023年8月4日前将加盖有效公章的纸质版申报书、申报汇总表(附件2)以及推荐行文一式两份报送至省工信厅信息基础设施处，同步将电子版文档发送至指定邮箱。(三)推荐工作遵循政府引导、企业自愿原则。省工信厅将组织遴选出基础条件好、示范性强的5G工厂项目并公告公示，对优秀案例和典型经验组织宣传推广。联系人：何如意、杨栋信息基础设施处，联系电话：025-69652833,电子邮箱：xxjcsscjs@163.com,材料寄送地址：南京市北京西路16号苏兴大厦912室，邮编210008。"
江苏省的名为关于组织开展2023年国家服务型制造示范遴选和评估评价工作的通知的支持政策。,其发布时间是2023年3月31日。其项目名称是国家服务型制造示范，其项目将补申请是按不超过项目总投入的10%予以补助，单个项目支持额度最高不超过1000万元。其具体内容是一、关于2023年国家服务型制造示范遴选工作（一）申报要求。各地要按照申报条件和相关要求（详见附件1），择优组织推荐一批本地区服务型制造发展成效明显的优势企业和平台，原则上要从省级服务型制造示范中推荐。根据各地现有省级服务型制造示范数量，南京、无锡、苏州、常州每市申报示范企业数量不超过10个，其余设区市每市申报示范企业数量不超过8个。昆山、泰兴、沭阳每地申报示范企业数量不超过3个。各地申报示范平台数量不限。有一定工作基础和意愿的设区市可以申报示范城市。各地工信部门要根据时间节点，倒排进度，指导企业完成注册、正确填报，要严格初审把关，按照既定的分配名额推荐报送。（二）申报程序。请申报第五批国家服务型制造示范的单位在“服务型制造公共服务平台”网站（网址见附件1）自行完成注册并填报材料，往年申报过的单位使用原账号进行填报。示范城市申报材料由市工信局负责填报。请各地工信部门统一汇总各类申报书和随附材料（纸质件一式3份及电子版刻盘），填写申报汇总表（见附件2）并正式行文，于5月5日前报送至省工信厅生产服务业处，并在系统中完成审核（市级审核账号稍后由工信部统一下发）。我厅将组织专家评审，择优向工信部推荐申报。二、关于前四批示范评估评价工作请各地工信部门于5月25日前组织本地区前四批示范企业、示范平台在“服务型制造公共服务平台”网站填报评估评价材料，3个示范城市由市工信局负责填报。
江苏省的名为关于开展第四批省级绿色工厂暨第一批省级绿色工业园区推荐工作的通知的支持政策。,其发布时间是2023年4月24日。其项目名称是省级绿色工厂省级绿色工业园区，其项目将补申请是按不超过项目总投入的10%予以补助，单个项目支持额度最高不超过1000万元。其具体内容是一、基本条件2023年度省级绿色工厂、绿色工业园区名单遴选工作依照《关于印发江苏省绿色制造体系建设实施方案的通知》（苏经信节能〔2016〕725号）明确的推荐程序，按照“优中选优、宁缺毋滥”的原则，组织开展申报。鼓励各地建立完善本地区绿色制造标杆培育机制，发布市级绿色制造名单，对纳入名单的企业、工业园区予以优先推荐。近三年有下列情况的，不得申报绿色制造名单：未正常经营生产的；发生较大及以上安全（含网络安全、数据安全）、质量、环境污染等事故以及偷漏税等违法违规行为的；被动态调整出绿色制造名单的；在省级以上有关部门督查中发现存在严重问题的；被列入工业节能监察整改名单且未按要求完成整改的；被列为失信被执行人的。（一）绿色工厂。各设区市要根据本地区产业结构特点，遴选工作基础好、代表性强的企业进行申报。申报企业应为省内工商管理部门登记注册、从事生产经营并具有独立法人资格的企业，且生产经营状况良好，年销售收入在2亿元以上。评价请参照《关于印发江苏省绿色制造体系建设实施方案的通知》中的相关要求编写《江苏省绿色工厂评价报告》（附件1），已发布绿色工厂评价行业标准的（可登录工业和信息化部节能与综合利用司网站查看），需按照行业标准要求进行评价。（二）绿色工业园区。各地区要组织工业基础好、基础设施完善、绿色制造水平高的工业园区进行申报，推荐的绿色工业园区需是以产品制造为主要功能、工业增加值占比超过50%、园区内省级以上绿色制造名单内企业占比5%以上、具有法定边界和范围、具备统一管理机构、在满足全部基本条件的前提下，园区绿色指数需在80分(含)以上的省级及以上工业园区。绿色工业园区申报请参照《关于印发江苏省绿色制造体系建设实施方案的通知》中的相关要求编写《江苏省绿色工业园区评价报告》（附件2）。2023年起，推荐国家级绿色工业园区将从省级认定的绿色工业园区中产生。二、推荐程序（一）组织评价。满足基本条件且自愿申报的企业、工业园区，对照《绿色工厂评价通则》（GB/T36132-2018）、工信部发布的绿色工厂评价行业标准、《关于印发江苏省绿色制造体系建设实施方案的通知》等进行评价，并形成规范评价报告（附件1、2）。（二）初审推荐。评价合格的企业、工业园区，向所在地工信部门提交评价报告。各设区市工信局对企业、工业园区提交的申报材料及绿色制造情况进行初审，符合条件的，正式行文向省工信厅推荐。（三）评审确认。省工信厅收到各设区市推荐材料后，按程序开展评审，对通过评审的企业、工业园区，在省工信厅官方网站公示5个工作日。公示无异议的企业、工业园区，列入江苏省第四批绿色工厂、第一批绿色工业园区名单。三、工作要求（一）各地要结合本地区产业结构特点，绿色工厂的推荐需从列入2023年度绿色工厂创建培育计划名单中产生，选择行业代表性强、绿色制造基础好的龙头骨干企业或专业性强、特色鲜明、创新性高的中小企业，根据行业特点，突出关键绿色化指标的先进性，指导企业按照有关要求开展评价，编制评价报告，并切实加强对申报企业评价结果和证明材料的把关。（二）各地要严把质量、择优推荐，将绿色工厂、工业园区评价报告（附件1、2），绿色工厂、工业园区推荐汇总表（附件3、4），于2023年7月31日前连同申报材料（一式一份，同时报电子版）行文上报省工业和信息化厅。（三）请各地区切实加强对绿色制造名单内企业、工业园区的跟踪指导和动态管理，建立绿色制造水平关键指标定期报送机制，组织绿色制造名单企业、工业园区填报绿色制造动态管理表，并对动态管理表中明确的各项关键指标进行审核，对于绿色制造水平关键指标不符合绿色制造评价要求的，要组织进行现场评估，提出动态调整意见报省工信厅。请于2023年4月30日前将第七批国家级绿色制造名单和前三批省级绿色工厂名单动态管理表电子版通过工业节能与绿色发展管理平台报送工业和信息化部（节能与综合利用司）。联系人：韩杰电话：025-69652992
江苏省的名为《关于开展2023年江苏省重点领域首版次软件产品征集工作的通知》的支持政策。,其发布时间是2023年5月26日。其项目名称是省重点领域首版次软件产品，其项目将补申请是按不超过项目总投入的10%予以补助，单个项目支持额度最高不超过1000万元。其具体内容是一、征集条件（一）送征单位应同时符合以下基本条件：1.送征单位须为在江苏省内依法注册、具有独立法人资格的企业，成立日期须在2021年12月31日及以前（以营业执照为准）；2.送征单位内部管理规范有序、经营状态正常、已产生显著经济社会效益或具有较强发展潜力；3.送征单位具有良好的产品研发技术基础和人才支撑；4.送征单位诚信守法，近三年未发生重大（含）以上安全、环保、质量事故（事件），无严重失信行为。（二）送征软件产品应同时符合以下基本条件：1.送征软件产品符合国家和我省产业发展政策导向，类别属于基础软件、支撑软件、平台软件、工业软件、嵌入式系统软件、信息安全软件、5G相关软件、人工智能软件等高端软件，或在我省先进制造业集群、政务治理和民生服务重要领域有创新型应用的行业应用软件；2.送征软件产品具备自主知识产权，具备软件著作权（软件著作权登记证书中开发完成日期须在2022年1月1日及以后，著作权人须包含送征单位）；3.送征软件产品为首次正式发布并进行销售，具有良好市场推广应用前景；4.送征软件产品功能或性能有重大突破，具有技术领先优势或者打破市场垄断；5.送征软件产品已经通过省级以上软件产品检测机构依据《系统与软件工程系统与软件质量要求和评价（SQuaRE）第51部分：就绪可用软件产品（RUSP）的质量要求和测试细则》（GBT25000.51-2016）进行的检测；6.送征软件产品研发投入在200万元以上。（三）符合以下条件的送征软件产品优先列入应用推广指导目录：1.送征软件产品与信创技术路线相适配；2.送征软件产品拥有相关专利；3.送征软件产品的研发过程推动了相关标准制定。（四）仅限于企业自用的软件或用户定制的非通用软件，不属于征集范围。二、征集程序（一）填报征集信息表、制作征集报告。各送征单位须填写征集信息表（附件1），并根据附件2要求制作《2023年江苏省重点领域首版次软件产品征集报告》。（二）提交纸质版和电子扫描版征集报告。各送征单位须对征集报告加盖单位公章，并在2023年6月16日前向所在设区市工信局或昆山市、泰兴市、沭阳县工信局提交纸质征集报告2份、电子扫描版征集报告（加盖单位公章后扫描版）。各设区市工信局在组织申报过程中，可进一步细化流程，由送征单位先向县（市、区）工信部门报送。要做好宣传发动工作，明确报送路径，确保送征单位及时准确报送送征材料。（三）地方审核推荐。各设区市工信局，昆山市、泰兴市、沭阳县工信局依据本通知中征集条件对辖区内送征单位和送征软件产品进行审核并择优向我厅推荐，相关推荐材料应在2023年6月27日前向我厅报送。推荐材料应包含推荐汇总表（附件3，加盖单位公章，纸质件和电子扫描件）、推荐产品纸质版征集报告、推荐产品电子扫描版征集报告。（四）综合评议。我厅组织专家对地方推荐的首版次软件产品材料进行综合评议。（五）拟推广产品公示。根据综合评议结果，我厅择优确定拟推广的首版次软件产品目录并进行公示，公示期为5个工作日。如有异议，我厅及时组织调查、予以核实。（六）发布首版次目录。对公示期间无异议的送征产品，我厅发布《2023年江苏省重点领域首版次软件产品应用推广指导目录》。三、工作要求1.每个送征单位原则上只能报送一项软件产品参加征集，已进入以往年度《江苏省重点领域首版次软件产品应用推广指导目录》的同名称、同版本号软件产品不得再次参加征集。2.送征单位应严格按照本通知要求组织征集材料、制作产品征集报告并对征集材料的真实性负责，不得弄虚作假。采取任何不正当手段入选首版次应用推广指导目录的，一经查实将从目录中除名并按有关规定追究责任。3.各地区工信局应当加强对送征单位和征集材料真实性、完整性的核查，本着优中选优、宁缺毋滥的原则向我厅推荐首版次软件产品。4.我厅对送征单位进行信用管理，记录送征单位在征集程序每个环节的所有失信行为，并上传至有关信用信息平台。联系人：汪霄，联系电话：025-69652742。
江苏省的名为《关于开展2023年度省级中小企业公共服务示范平台认定推荐工作的通知》的支持政策。,其发布时间是2023年5月22日。其项目名称是省级中小企业公共服务示范平台，其项目将补申请是按不超过项目总投入的10%予以补助，单个项目支持额度最高不超过1000万元。其具体内容是一、申报和推荐条件省级示范平台认定根据平台在建设水平、服务能力、服务绩效等方面情况进行综合评定，分为三星、四星、五星等3个等级，原则上遵循三星、四星、五星逐级晋升的规定，符合条件的可跨星晋升。申报单位应根据自身实际情况合理选择申报相应星级。1.申报单位必须是符合《省认定管理办法》规定，为中小企业提供信息、技术、创业、融资、培训等服务的独立法人。2.申报五星省级示范平台必须要达到资产500万、专职人员20人，申报四星省级示范平台必须要达到资产300万，专职人员15人。3.按照三年有效期要求，对于《关于公布2020年度省级中小企业公共服务示范平台认定名单的通知》（苏工信服建〔2021〕19号）中认定的平台，需要按《省认定办法》重新申报认定。但上述平台中，仍处于有效期的国家示范平台无需申报，可在国家示范平台有效期最后一年申报省示范平台认定。2021年、2022年认定的省级示范平台暂不需要申报。4.2023年处于国家示范平台有效期最后一年且省示范平台已经到期的平台，需重新申报认定。5.获得国家、省小型微型企业创业创新示范基地（简称“示范基地”）认定且非省级示范平台的单位，原则上不得新申报省级示范平台认定。二、申报程序符合条件的单位可自愿申请，经县（市、区）工信部门初审，由各设区市工信部门审核汇总后向省工信厅推荐。省属单位经业务主管部门在《省中小企业公共服务示范平台推荐表》（附件2）审核盖章后，行文向省工信厅直接申报。省工信厅根据申报情况组织专家书面材料评审和实地抽查，按照择优原则确定省级示范平台。省级示范平台实施动态管理，有效期三年，起止期为2024年1月1日—2026年12月31日。三、工作要求1.省级示范平台申报实行纸质材料和网上同时申报，须提供完整的申报和推荐材料（详见附件）。2.南京市、无锡市、常州市、苏州市推荐名额不超过25家，其它各设区市推荐名额不超过20家。请各设区市、省属单位于2023年7月21日前将纸质申报材料（一式一份）报送省工信厅服务体系建设处，并将《2023年度省中小企业公共服务平台推荐汇总表》（附件1）发送至wqhcjy@163.com。申报单位须同时登录“江苏省中小企业公共服务平台（http://www.smejs.cn）”，在“认定申报”栏目中点击“示范平台认定申报”，注册登录后进行填报并上传相关材料，非省属单位经县（市、区）、市审核后提交。申报单位可通过2023年省级示范平台认定申报咨询QQ群（群号1：807645478，群号2：207935293）进行咨询。邮寄地址：南京市北京西路16号苏兴大厦1709室
江苏省的名为《关于组织开展2023年新一代信息技术典型产品、应用和服务案例遴选工作的通知》》的支持政策。,其发布时间是2023年5月31日。其项目名称是新一代信息技术典型产品、应用和服务案例遴选，其项目将补申请是按不超过项目总投入的10%予以补助，单个项目支持额度最高不超过1000万元。其具体内容是各地推荐的申报主体应在江苏省内注册、具备独立法人资格，具有较好的经济实力、技术研发和融合发展能力。产品目录应是已实现产业化或已在行业中部署应用的工业软件优秀产品，应用案例能有效支撑开展制造企业数字化转型，并有可量化的经济效益或社会效益，服务模式能探索政产校企联动的人才培养新模式、满足地方企业和政府标准化需求。申报材料要描述详实、重点突出、表述准确、逻辑性强，杜绝虚构和夸大。已列入前期同类典型案例的不可重复申报。对于工业软件优秀产品申报项目，将同时作为2023年江苏省优秀工业软件产品申报项目一并遴选；对于区块链典型应用案例申报项目，将同时作为2023年江苏省区块链应用示范申报项目一并遴选。届时，我厅将根据各地推荐情况组织专家评审筛选（工业软件产品方向同步遴选出2023年江苏省重点推广应用的优秀工业软件产品，区块链方向同步遴选出2023年江苏省区块链应用示范项目）、推荐上报。请各地工信部门于2023年6月16日（周五）18：00前，将经审核盖章的推荐意见函（含应用案例信息汇总表、一式壹份）、应用案例申报书（一式叁份）按照职能分工分别对口报送厅大数据产业处（负责区块链典型应用案例、区块链领域的典型服务模式）、软件和信息服务业处（负责典型产品名录、软件领域的典型服务模式）、两化融合推进处（负责工业互联网平台、企业上云用云、数字化转型领域的典型应用案例及服务模式），电子版汇总后同步发送至指定邮箱。联系方式：1.大数据产业处025-69652663、gxt_dsjc@163.com地址：南京市北京西路16号苏兴大厦1009室2.软件和信息服务业处025-69652742、jsruanjianchu@163.com地址：南京市北京西路16号苏兴大厦1000室3.两化融合推进处025-69652717、qyxxhc@163.com地址：南京市北京西路16号苏兴大厦903室
江苏省的名为《关于组织申报2023年跨行业跨领域工业互联网平台的通知》的支持政策。,其发布时间是2023年6月5日。其项目名称是双跨平台，其项目将补申请是按不超过项目总投入的10%予以补助，单个项目支持额度最高不超过1000万元。其具体内容是各地推荐的申报主体应在江苏省内注册、具有独立法人资格，运营和财务状况良好，具备较强的技术研发和融合创新能力、赋能转型和应用推广能力、可持续发展能力以及良好的社会信用。申报单位应为制造行业大型骨干企业、互联网企业、信息技术企业、自动化企业等，并符合《2023年跨行业跨领域工业互联网平台申报能力要求》（见附件2）。2022年已获评工信部跨行业跨领域工业互联网平台的，需重新申报。环保、安全等不达标的企业不予推荐。我厅将根据各地推荐情况组织专家评审筛选、推荐上报。获得部级示范的项目，在申请国家和省级财政专项资金支持时将予以优先。请各地于2023年6月9日（周五）17：00前，将项目申报书（一式叁份，见附件3）、推荐意见函（一式壹份，含推荐信息汇总表、见附件4）报送至厅两化融合推进处，相关材料电子版同步发送至指定邮箱、不需要刻录光盘。联系电话：025-69652717电子信箱：qyxxhc@163.com地址：南京市北京西路16号苏兴大厦903室
江苏省的名为《省委网信办省发展改革委省工业和信息化厅省生态环境厅省通信管理局关于开展江苏省数字化绿色化协同转型发展服务资源池单位征集工作的通知》的支持政策。,"其发布时间是2023年6月30日。其项目名称是“双化协同”服务资源池单位，其项目将补申请是按不超过项目总投入的10%予以补助，单个项目支持额度最高不超过1000万元。其具体内容是一、征集对象本次服务资源池拟征集数字产业绿色发展服务商、数字赋能传统产业服务商、“双化协同”生态支撑服务商等3类，共约60家。二、申报条件（一）申报主体应具备法人资格，主要包括制造业企业、电子信息企业、软件与信息服务业企业、互联网企业、电信运营商、高校和科研院所等。电信运营商、银行等由于行业特殊性，允许以分支机构进行申报。（二）申报主体应具有较强的经济实力、技术研发和融合创新能力，运营和财务状况良好，应满足《江苏省“双化协同”服务资源池单位征集范围》（附件1）中相应条件，在该领域内有较好的业绩水平，行业认可度较高（原则上成立时间不少于3年），无不良记录。（三）申报主体对申报材料的真实性负责，填报内容应遵守中华人民共和国现行法律法规，无知识产权纠纷，资信良好，企业单位在国家企业信用信息公示系统中无不良记录，法人、业务技术人员无犯罪记录，无网络意识形态安全风险问题，无重特大网络安全事件和网络安全重大问题。三、组织方式本次服务资源池单位征集工作拟采取“自主申报+各地各部门扎口推荐”方式进行。主要分为四个阶段：（一）省内外申报单位自主填写《江苏省数字化绿色化协同转型发展服务资源池单位申报书》（附件2）。（二）各设区市市委网信办会同市发展改革委、市工业和信息化局、市生态环境局和市通信管理工作有关单位共同对属地服务资源池申报单位材料进行初审、排序推荐上报，各地原则上不超过10家；省各有关主管部门对省内各行业领域服务资源池申报单位材料进行初审并推荐报送，各部门原则上不超过3家；省外申报单位材料直接报省委网信办受理。（三）省委网信办会同省有关部门对服务资源池申报单位材料进行资格审查，组织专家评审，审议公示后发布。（四）省委网信办会同省发展改革委、省工业和信息化厅、省生态环境厅、省通信管理局等省“双化协同”联席会议成员单位，加强入选服务资源池单位典型案例宣传推介，搭建行业交流合作平台，组织各类供需对接活动，促进优秀产品和服务应用推广，打造行业发展标杆服务商，优先推荐申报国家相关项目。四、材料报送请各设区市市委网信办、省各有关主管部门将填写好的《江苏省数字化绿色化协同转型发展服务资源池单位申报书》及《推荐意见函》（省外申报单位只需填写《江苏省数字化绿色化协同转型发展服务资源池单位申报书》）纸质版加盖公章各一式三份于2023年7月20日前报送至省委网信办，地址：江苏省南京市浦口区团结路99号江北新区研创园孵鹰大厦A座516室，邮编：211899，电子版发送至邮箱：jsszhlshyxalzj@163.com。联系人：省委网信办，徐栋，025-86292805,13951083326；省发展改革委，孙瑶，025-83390189；省工业和信息化厅，郑青贺，025-69652705；省生态环境厅，许蓉，025-58527076；省通信管理局，张志元，025-63090022。"
