Quary,Answer
淮安市的支持政策文件有哪些？,《关于印发淮安市专精特新企业培育三年行动计划（2023—2025年）的通知》《关于推动制造业高质量发展的实施意见》。2019年度清江浦区工业和信息产业发展资金项目。工信渠道。
淮安市的名为《关于印发淮安市专精特新企业培育三年行动计划（2023—2025年）的通知》的支持政策。,其发布时间是2023年5月19日。其项目名称是专精特新，其支持政策的申报方式是申报方式，其支持政策的奖补情况是奖补情况。
淮安市的名为《关于推动制造业高质量发展的实施意见》的支持政策。,其发布时间是2022年2月10日。其项目名称是星级上云，其支持政策的奖补情况是对被认定为省四星、五星级上云的企业，分别奖励１０万元、２０万元。。其项目名称是两化融合管理体系（升级版）贯标，其支持政策的奖补情况是对通过两化融合管理体系（升级版）贯标ＡＡ级的企业奖励１５万元，ＡＡＡ级及以上的企业奖励２０万元。。其项目名称是工业互联网标杆工厂、平台，其支持政策的奖补情况是对被认定为市级、省级工业互联网标杆工厂的企业，奖励１０万元、５０万元；对被认定为省级、国家级工业互联网平台的企业，分别奖励５０万元、１００万元。。其项目名称是绿色标杆企业、省级、国家级绿色工厂，其支持政策的奖补情况是对新获批市级绿色标杆企业、省级、国家级绿色工厂的，分别给予２０万、５０万元、１００万元奖励。。其项目名称是示范智能车间、示范智能工厂，其支持政策的奖补情况是对获批省级示范智能车间、省级示范智能工厂的，分别给予５０万元、２００万元奖励。。
淮安市-清江浦区的名为2019年度清江浦区工业和信息产业发展资金项目的支持政策。,其发布时间是2020年8月31日。其项目名称是星级上云，其支持政策的申报方式是线下申报主体向项目所在地园区、镇（街道）提出项目申请，按要求提供项目申报材料。项目所在地园区、镇（街道）根据项目具体申报要求和标准，对项目申报材料进行初审后推荐上报区工信局、区财政局。项目申报受理截止时间为2020年9月10日，其支持政策的奖补情况是1.被评定为省五星级、省四星级、省三星级“上云企业”的企业，一次性分别奖励20万元、10万元、2万元。。其项目名称是智能工厂、智能车间，其支持政策的申报方式是线下申报主体向项目所在地园区、镇（街道）提出项目申请，按要求提供项目申报材料。项目所在地园区、镇（街道）根据项目具体申报要求和标准，对项目申报材料进行初审后推荐上报区工信局、区财政局。项目申报受理截止时间为2020年9月10日，其支持政策的奖补情况是1.被评定为省五星级、省四星级、省三星级“上云企业”的企业，一次性分别奖励20万元、10万元、2万元。。其项目名称是两化（深度）融合类示范试点，其支持政策的申报方式是线下申报主体向项目所在地园区、镇（街道）提出项目申请，按要求提供项目申报材料。项目所在地园区、镇（街道）根据项目具体申报要求和标准，对项目申报材料进行初审后推荐上报区工信局、区财政局。项目申报受理截止时间为2020年9月10日，其支持政策的奖补情况是3.通过国家两化融合管理体系贯标的企业，一次性奖励20万元。2.被评定为国家级、省级两化融合或工业互联网类的示范、试点企业，一次性分别奖励30万元、10万元。。其项目名称是工业互联网示范试点类企业（工业互联网重点平台、工业互联网标杆工厂、工业互联网典型应用企业、工业互联网专业服务商等），其支持政策的申报方式是线下申报主体向项目所在地园区、镇（街道）提出项目申请，按要求提供项目申报材料。项目所在地园区、镇（街道）根据项目具体申报要求和标准，对项目申报材料进行初审后推荐上报区工信局、区财政局。项目申报受理截止时间为2020年9月10日，其支持政策的奖补情况是4.对建成省级工业互联网标杆工厂的，一次性奖励30万元。。
淮安市-金湖县的名为工信渠道的支持政策。,其发布时间是——。其项目名称是智能工厂、智能车间，其支持政策的奖补情况是对获批省级示范智能车间、省级示范智能工厂的，分别给予200万元、400万元奖励。。其项目名称是星级上云，其支持政策的奖补情况是对获批省级示范智能车间、省级示范智能工厂的，分别给予200万元、400万元奖励。。其项目名称是两化融合贯标，其支持政策的奖补情况是对获批省级示范智能车间、省级示范智能工厂的，分别给予200万元、400万元奖励。。其项目名称是市级智能车间，其支持政策的奖补情况是对获批省级示范智能车间、省级示范智能工厂的，分别给予200万元、400万元奖励。。其项目名称是市级智能工厂，其支持政策的奖补情况是对获批省级示范智能车间、省级示范智能工厂的，分别给予200万元、400万元奖励。。其项目名称是市级标杆工厂，其支持政策的奖补情况是对获批省级示范智能车间、省级示范智能工厂的，分别给予200万元、400万元奖励。。
