Quary,Answer
盐城市的支持政策文件有哪些？,《盐城市人民政府印发关于贯彻落实省政府推动经济运行率先整体好转若干政策措施实施意见的通知》关于组织申报2022年度盐城市市本级先进制造业发展专项资金项目的通知。关于《盐城市规模以上工业企业智能化改造和数字化转型三年行动计划（2022-2024年）》起草情况说明。《关于组织2023年度盐城市市本级工业强市（先进制造业发展）专项资金项目入库的通知》。《盐城市先进制造业发展办法》。《东政办发〔2022〕23号东台市智改数转三年行动计划》。《关千印发阜宁县规模以上工业企业智能化改造和数字化转型三年行动计划(2022-2024年）的通知》《关千印发阜宁县推进规模以上工业企业智能化改造和数字化转型实施方案的通知》。关于支持制造业高质量发展的政策意见-盐都。《关于印发<盐城经济技术开发区关于加快“5G+工业互联网”发展若干措施>的通知》。《盐城市大丰区规上工业企业智能化改造和数字化转型三年行动计划(2022-2024年)的通知》。关于印发《支持全县经济高质量发展的奖励办法》的通知。《关于促进制造业“智改数转”的激励意见》建政发2022-22号。《郭猛镇关于提升智能制造推动工业经济高质量发展的激励意见》区级以上政府及部门有专项奖励的，企业可重复享受；。
盐城市的名为《盐城市人民政府印发关于贯彻落实省政府推动经济运行率先整体好转若干政策措施实施意见的通知》的支持政策。,"其发布时间是2023年1月29日。其项目中,单项冠军企业、国家级专精特新“小巨人”、省级专精特新中小企业其支持政策的具体内容是分别奖励100万元、100万元、30万元其项目中,单项冠军企业、国家级专精特新“小巨人”、省级专精特新中小企业其支持政策的具体内容是分别奖励100万元、100万元、30万元"
盐城市的名为关于组织申报2022年度盐城市市本级先进制造业发展专项资金项目的通知的支持政策。,"其发布时间是2022年1月30日。其项目中,星级上云其支持政策的具体内容是对首次被评为省五星、四星级上云企业，分别给予50万元、20万元一次性奖励。"
盐城市的名为关于《盐城市规模以上工业企业智能化改造和数字化转型三年行动计划（2022-2024年）》起草情况说明的支持政策。,"其发布时间是2022年1月30日。其项目中,工业互联网示范试点类企业（工业互联网重点平台、工业互联网标杆工厂、工业互联网典型应用企业、工业互联网专业服务商等）其支持政策的具体内容是7.对建成国家级智能制造示范工厂、工业互联网试点示范、制造业与互联网融合发展示范试点的企业，给予300万元一次性奖励；对建成省级工业互联网平台、工业互联网标杆工厂和智能制造示范工厂的企业，给予200万元一次性奖励。对评为省级以上制造业数字化典型应用场景及实践案例的企业，给予50万元一次性奖励。"
盐城市的名为《关于组织2023年度盐城市市本级工业强市（先进制造业发展）专项资金项目入库的通知》的支持政策。,"其发布时间是2023年3月14日。其项目中,市本级工业强市（先进制造业发展）专项资金项目其支持政策的具体内容是7.对建成国家级智能制造示范工厂、工业互联网试点示范、制造业与互联网融合发展示范试点的企业，给予300万元一次性奖励；对建成省级工业互联网平台、工业互联网标杆工厂和智能制造示范工厂的企业，给予200万元一次性奖励。对评为省级以上制造业数字化典型应用场景及实践案例的企业，给予50万元一次性奖励。"
盐城市的名为《盐城市先进制造业发展办法》的支持政策。,"其发布时间是2023年3月24日。其要求包括是对按技改投资列统，列入市重点技改项目管理(2024年起执行)其项目中,企业技术改造其支持政策的具体内容是年度设备投资额500万元以上的企业技术改造项目(安全环保技术改造项目投资额300万元以上)，按实际设备投资额的5%给予奖励；在市企业“争星创优”活动中，被认定为三星、四星、五星和突出贡献奖的企业，分别按实际设备投资额的6%、7%、8%和9%给予奖励。属于重点产业链的项目，奖励额度在以上奖励基础上提高2个百分点。最高不超过500万元。其要求包括是年度智能化设备及工业软件等有效投入500万元以上的“智能化改造数字化转型”项目其项目中,智改数转其支持政策的具体内容是2022年、2023年、2024年分别按照项目年度投资额的12%、11%、10%给予补助，单个项目最高不超过500万元。其要求包括是年度设备投资额300万元以上的创新型中小企业、省级专精特新中小企业及国家级专精特新“小巨人”企业其项目中,智改数转其支持政策的具体内容是给予20万元一次性奖励其要求包括是新能源汽车及核心零部件、新能源、新一代信息技术、新材料、大健康产业和数字经济、海洋经济产业及23条重点产业链新招引项目其项目中,新招引产业项目其支持政策的具体内容是各地结合招商引资政策兑现奖励其要求包括是列入年度重点工业新增长点培育计划，且上年度企业增加值率不低于全市平均水平50%的制造业企业其项目中,工业新增长点培育其支持政策的具体内容是按年度新增应税开票销售10亿元以上、5亿元-10亿元、3亿元-5亿元，分别给予100万元、50万元、30万元奖励其要求包括是首次入选“中国企业500强”(中企联发布)的工业企业其项目中,优质企业集群培育其支持政策的具体内容是给予300万元一次性奖励其要求包括是首次入选“中国制造业企业500强”(中企联发布)、“中国民营企业500强”(全国工商联发布)的工业企业其项目中,优质企业集群培育其支持政策的具体内容是给予100万元一次性奖励其要求包括是年度应税开票销售首次达到500亿元、200亿元、100亿元、50亿元以上，且上年度企业增加值率不低于全市平均水平50%的工业企业其项目中,优质企业集群培育其支持政策的具体内容是分别给予500万元、200万元、100万元、50万元一次性奖励其要求包括是当年新增入库的规上工业企业、数字经济企业其项目中,优质企业集群培育其支持政策的具体内容是每家企业奖励5万元或按照企业当年对地方贡献增量部分50%给予奖补，最高不超过10万元。其要求包括是首次列入工信部光伏制造行业、锂电池行业、印刷电路板行业、钢铁行业、环保装备制造行业公告名单的企业其项目中,规范认证项目其支持政策的具体内容是给予50万元一次性奖励其要求包括是获得氢燃料电池汽车生产资质的车辆生产企业(进入工信部《道路机动车辆生产企业及产品公告》)其项目中,规范认证项目其支持政策的具体内容是给予500万元一次性奖励其要求包括是鼓励国内优质上市企业、大企业集团、单项冠军、专精特新“小巨人”企业、独角兽企业、瞪羚企业等在盐城迁入综合型总部或设立具有独立法人资格的销售、供应链、研发职能型总部，其项目中,总部迁入发展其支持政策的具体内容是当年起连续三年按照对地方贡献增加部分(上年度超过前两年度均值部分)的30%、20%、10%进行奖励，最高不超过500万元其要求包括是支持企业与世界500强、中国企业500强、中国制造业企业500强、中国民营企业500强、央企、上市公司战略重组其项目中,企业兼并重组其支持政策的具体内容是并购企业对目标企业的实际出资额折合人民币5000万元以上，且并购方占股比例在50%以上，对兼并重组后的企业按实际出资额的4%给予一次性奖励，最高不超过企业申报年度对地方贡献，且不超过500万元。其要求包括是鼓励市内企业兼并重组其项目中,企业兼并重组其支持政策的具体内容是并购企业对目标企业的实际出资额折合人民币2000万元以上，且并购方占股比例在50%以上，对兼并重组后的企业按实际出资额的2%给予一次性奖励，最高不超过企业申报年度对地方贡献，且不超过200万元其要求包括是首次获得全国制造业单项冠军示范企业(产品)、国家级专精特新“小巨人”企业、省级专精特新中小企业其项目中,企业创新发展其支持政策的具体内容是分别给予100万元、100万元、30万元一次性奖励其要求包括是首次获得国家技术创新示范企业其项目中,企业创新发展其支持政策的具体内容是给予50万元一次性奖励其要求包括是首次获得国家、省级企业技术中心认定其项目中,企业创新发展其支持政策的具体内容是分别给予100万元、20万元一次性奖励其要求包括是首次获得省级首台(套)重大装备其项目中,企业创新发展其支持政策的具体内容是给予50万元一次性奖励其要求包括是首次获得省级首台(套)关键部件认定的项目其项目中,企业创新发展其支持政策的具体内容是给予20万元一次性奖励其要求包括是对国家、省批复建设的制造业创新中心其项目中,企业创新发展其支持政策的具体内容是分别给予500万元、200万元一次性奖励其要求包括是重点产业链企业采购本市产业链上游生产企业产品进行再加工生产，且年度本地采购额5000万元以上其项目中,产业链配套协作其支持政策的具体内容是按本地采购额比上年新增部分的2%给予采购单位奖补，最高不超过200万元其要求包括是开展“盐创新品”系列活动，发布《创新产品应用示范推荐目录》，支持生产企业对产品首张订单进行投保其项目中,企业推广应用新产品其支持政策的具体内容是市财政按投保年度实际支付保费的80%进行补贴其要求包括是支持企业采购创新产品打造应用场景其项目中,企业推广应用新产品其支持政策的具体内容是对列入优秀示范应用场景的项目按照评价结果，分别给予100万、80万、50万元的奖励其要求包括是对获省级以上认定的公共服务机构，年度开展专项服务活动10场(次)以上，且服务企业500家以上；其中提供融资服务的机构开展融资对接服务活动不少于5场次，年度帮助企业融资总额超过2亿元其项目中,公共服务能力提升其支持政策的具体内容是根据第三方服务绩效评估，给予不超过20万元奖励。其要求包括是对首次获得国家级中小企业，公共服务平台、国家级中小企业创业创新示范基地其项目中,公共服务能力提升其支持政策的具体内容是分别给予50万元一次性奖励其要求包括是对获得国家级表彰的公共服务项目其项目中,公共服务能力提升其支持政策的具体内容是给予20万元一次性奖励其要求包括是对首次获得省级公共服务平台其项目中,公共服务能力提升其支持政策的具体内容是给予20万元一次性奖励其要求包括是对首次获得国家级、省级服务型制造示范企业其项目中,服务型制造其支持政策的具体内容是分别给予50万元、20万元一次性奖励其要求包括是对首次获得国家级、省级工业设计中心其项目中,服务型制造其支持政策的具体内容是分别给予50万元、20万元一次性奖励其要求包括是对获得工信部、省工信厅举办的工业设计大赛最高奖项的企业其项目中,服务型制造其支持政策的具体内容是分别给予50万元、20万元一次性奖励其要求包括是对传统燃油车生产企业新研发上市的车型，首个年度销售达5万辆其项目中,新车型研发销售其支持政策的具体内容是给予500万元一次性奖励(上市月度起单月平均销售5000台以上，按比例折算给予一次性奖励)其要求包括是新能源乘用车新上市车型，年度销售2000辆以上其项目中,新车型研发销售其支持政策的具体内容是给予300万元一次性奖励其要求包括是年度销售1万辆以上其项目中,新车型研发销售其支持政策的具体内容是给予1000万元一次性奖励其要求包括是在盐城市区举办的工业和信息化领域全国性峰会、博览会、展览会、行业发展等活动，其项目中,新车型研发销售其支持政策的具体内容是按照国家级活动费用总额的30%，由市级财政给予承办单位一次性不超过50万元的补贴(市财政资金包干的不享受)其要求包括是支持企业参加省、市工业和信息化部门组织的重要展会活动其项目中,新车型研发销售其支持政策的具体内容是给予参展企业展位费60%不超过5万元补贴其要求包括是通过政府购买服务等方式，为规上企业开展免费诊断服务，每家不高于10万元。其项目中,免费诊断和轻量级改造其支持政策的具体内容是对纳入轻量级数字化改造试点的企业，按照必选应用场景总投入的70%、个性化改造场景投入的20%给予补助，单个企业不超过30万元；后续推广企业按照总投入的20%给予补助，最高不超过20万元。其要求包括是2022年、2023年、2024年分别按照“智改数转”项目贷款额的1.2%、1.1%、1%给予贴息，最高不超过200万元其项目中,设立贷款贴息补助其支持政策的具体内容是对纳入轻量级数字化改造试点的企业，按照必选应用场景总投入的70%、个性化改造场景投入的20%给予补助，单个企业不超过30万元；后续推广企业按照总投入的20%给予补助，最高不超过20万元。其要求包括是建成国家级智能制造示范工厂、工业互联网试点示范、制造业与互联网融合发展示范试点的企业其项目中,标杆企业培育其支持政策的具体内容是给予100万元一次性奖励其要求包括是首次获评省级“智改数转”领军服务商的企业其项目中,标杆企业培育其支持政策的具体内容是给予100万元一次性奖励其要求包括是建成省级工业互联网平台、工业互联网标杆工厂和智能制造示范工厂的企业其项目中,标杆企业培育其支持政策的具体内容是给予50万元一次性奖励其要求包括是首次获得省级示范智能车间的项目其项目中,标杆企业培育其支持政策的具体内容是给予20万元一次性奖励其要求包括是标识解析二级节点项目，支持标识解析二级节点项目，对首次申报完成与国家顶级节点对接，且近2年累计标识解析量达到1亿、接入企业数达到300家的二级节点建设单位其项目中,工业互联网发展其支持政策的具体内容是给予300万元一次性奖励其要求包括是首次被评为省五星上云企业其项目中,工业互联网发展其支持政策的具体内容是给予50万元一次性奖励其要求包括是支持电信运营商新建5G基站(宏站)，年内建成500个以上的其项目中,工业互联网发展其支持政策的具体内容是按照市区范围内每个基站2500元奖励其要求包括是年内建成1000个以上的，其项目中,工业互联网发展其支持政策的具体内容是按照市区范围内每个基站3000元奖励，每个运营商年度奖励不超过500万元其要求包括是首次应税开票销售达到1亿元、5000万元、3000万元、1000万元的大数据企业其项目中,数字产业企业能级提升其支持政策的具体内容是分别给予100万元、50万元、30万元、20万元的一次性奖励其要求包括是对获得省“i创杯”互联网创新创业大赛三等奖及以上的企业其项目中,数字产业企业能级提升其支持政策的具体内容是给予20万元一次性奖励其要求包括是对首次入选互联网年度产品、企业，互联网大数据类优秀产品和应用解决方案其项目中,数字产业企业能级提升其支持政策的具体内容是分别给予20万元一次性奖励其要求包括是对年度设备投资额200万元以上，节能量不少于300吨标煤的绿色化改造升级项目，其项目中,节能降耗项目其支持政策的具体内容是按实际设备投资额的10%给予一次性奖励，最高不超过200万元其要求包括是对首次被工信部认定为绿色供应链管理示范企业、绿色工厂、绿色产品其项目中,节能降耗项目其支持政策的具体内容是分别给予50万元、40万元、30万元一次性奖励其要求包括是对首次被省工信厅认定为绿色工厂其项目中,节能降耗项目其支持政策的具体内容是给予30万元一次性奖励其要求包括是支持市级工业园区提升产业承载能力，对市级工业园区建设两层以上标准厂房(不含企业自建自用厂房)，年度建成面积达1万平方米、2万平方米、3万平方米以上，其项目中,市级工业园区建设其支持政策的具体内容是分别给予园区管理机构20万元、50万元、80万元奖励其要求包括是支持市级工业园区提升产业承载能力，对市级工业园区建设两层以上标准厂房(不含企业自建自用厂房)，年度建成面积达1万平方米、2万平方米、3万平方米以上，其项目中,市级工业园区建设其支持政策的具体内容是注：企业最终奖励标准按照《盐城市工业企业资源集约利用差别化政策清单》相关规定执行，单个企业享受创牌类免申直拨支持数量不超过2个，设备补贴类支持数量不超过1个，单个企业申报类项目年度奖补资金不超过1000万元。"
东台市的名为《东政办发〔2022〕23号东台市智改数转三年行动计划》的支持政策。,"其发布时间是2022年3月1日。其要求包括是支持市级工业园区提升产业承载能力，对市级工业园区建设两层以上标准厂房(不含企业自建自用厂房)，年度建成面积达1万平方米、2万平方米、3万平方米以上，其项目中,星级上云其支持政策的具体内容是对评为省级五星级上云企业、四星、三星，给予20万元、20万、10万一次性奖励，其要求包括是支持市级工业园区提升产业承载能力，对市级工业园区建设两层以上标准厂房(不含企业自建自用厂房)，年度建成面积达1万平方米、2万平方米、3万平方米以上，其项目中,智能工厂、工业互联网平台、工业互联网标杆工厂其支持政策的具体内容是对新创国家级智能制造示范工厂、工业互联网试点示范、制造业与互联网融合发展示范试点的企业，给予300万元一次性奖励:对新认定省级工业互联网平台、工业互联网标杆工厂和智能制造示范工厂的企业，给予200万元一次性奖励。对首次评为省级以上制造业数字化典型应用场景及实践案例的企业，给予50万元一次性奖励。其要求包括是支持市级工业园区提升产业承载能力，对市级工业园区建设两层以上标准厂房(不含企业自建自用厂房)，年度建成面积达1万平方米、2万平方米、3万平方米以上，其项目中,“智改数转”项目其支持政策的具体内容是对年度智能化设备及工业软件等有效投入500万元以上的“智改数转”项目，2022年、2023年、2024年分别按照项目年度投资额的12%、11%、10%给予补助，单个项目最高不超过500万元。其要求包括是支持市级工业园区提升产业承载能力，对市级工业园区建设两层以上标准厂房(不含企业自建自用厂房)，年度建成面积达1万平方米、2万平方米、3万平方米以上，其项目中,制造业数字化典型应用场景及实践案例其支持政策的具体内容是对首次评为省级以上制造业数字化典型应用场景及实践案例的企业，给予50万元一次性奖励。"
阜宁的名为《关千印发阜宁县规模以上工业企业智能化改造和数字化转型三年行动计划(2022-2024年）的通知》《关千印发阜宁县推进规模以上工业企业智能化改造和数字化转型实施方案的通知》的支持政策。,"其发布时间是2022年3月8日。其要求包括是支持市级工业园区提升产业承载能力，对市级工业园区建设两层以上标准厂房(不含企业自建自用厂房)，年度建成面积达1万平方米、2万平方米、3万平方米以上，其项目中,星级上云其支持政策的具体内容是对评为省级五星级上云企业、四星、三星，给予50万元、20万、5万一次性奖励，其要求包括是支持市级工业园区提升产业承载能力，对市级工业园区建设两层以上标准厂房(不含企业自建自用厂房)，年度建成面积达1万平方米、2万平方米、3万平方米以上，其项目中,智能制造示范工厂、工业互联网试点示范、制造业与互联网融合发展示范试点的企业其支持政策的具体内容是对建成国家智能制造示范工厂、工业互联网试点示范、制造业与互联网融合发展示范试点的企业，给予300万元一次性奖励；对建成省级工业互联网平台、工业互联网标杆工厂和智能制造示范工厂的企业，给予200万元一次性奖励其要求包括是支持市级工业园区提升产业承载能力，对市级工业园区建设两层以上标准厂房(不含企业自建自用厂房)，年度建成面积达1万平方米、2万平方米、3万平方米以上，其项目中,信息化改造和应用系统其支持政策的具体内容是工业企业通过专家诊断且按照诊断方案实施信息化改造和应用系统(SAP、MES、ERP等）投入超30万元，正常使用后按实际投资额的30%予以补助，单个企业最高不超过300万元；对工业企业技改引进工业机器人（含机械手）等高端智能装备的，按设备投入额的15%予以补助。其要求包括是支持市级工业园区提升产业承载能力，对市级工业园区建设两层以上标准厂房(不含企业自建自用厂房)，年度建成面积达1万平方米、2万平方米、3万平方米以上，其项目中,制造业数字化典型应用场景及实践案例其支持政策的具体内容是评为省级以上制造业数字化典型应用场景及实践案例的企业，给予50万元一次性奖励。其要求包括是支持市级工业园区提升产业承载能力，对市级工业园区建设两层以上标准厂房(不含企业自建自用厂房)，年度建成面积达1万平方米、2万平方米、3万平方米以上，其项目中,市级“智改数转“示范企业、工业互联网平台、工业数字化示范场景其支持政策的具体内容是对评为市级“智改数转“示范企业、工业互联网平台、工业数字化示范场景的企业，给予10万元一次性奖励。其要求包括是支持市级工业园区提升产业承载能力，对市级工业园区建设两层以上标准厂房(不含企业自建自用厂房)，年度建成面积达1万平方米、2万平方米、3万平方米以上，其项目中,工业互联网标识解析其支持政策的具体内容是对完成与国家顶级节点对接的二级节点建设单位，给予300万元一次性奖励；对接入工业互联网标识解析二级节点企业，按接入费用的50%予以补助。其要求包括是支持市级工业园区提升产业承载能力，对市级工业园区建设两层以上标准厂房(不含企业自建自用厂房)，年度建成面积达1万平方米、2万平方米、3万平方米以上，其项目中,两化融合管理体系贯标2.0其支持政策的具体内容是工业企业获批国家两化融合管理体系贯标认定证书，一次性奖励20万元；获批省两化融合贯标试点类企业，一次性奖励10万元。其要求包括是支持市级工业园区提升产业承载能力，对市级工业园区建设两层以上标准厂房(不含企业自建自用厂房)，年度建成面积达1万平方米、2万平方米、3万平方米以上，其项目中,5G融合应用示范项目其支持政策的具体内容是企业开展5G融合应用示范项目建设，奖补额度提高至50%,其要求包括是支持市级工业园区提升产业承载能力，对市级工业园区建设两层以上标准厂房(不含企业自建自用厂房)，年度建成面积达1万平方米、2万平方米、3万平方米以上，其项目中,标杆（示范）的项目其支持政策的具体内容是对列入省级或省级以上标杆（示范）的项目给予30万元一次性奖励。"
盐都的名为关于支持制造业高质量发展的政策意见-盐都的支持政策。,"其发布时间是2022年3月2日。其要求包括是支持市级工业园区提升产业承载能力，对市级工业园区建设两层以上标准厂房(不含企业自建自用厂房)，年度建成面积达1万平方米、2万平方米、3万平方米以上，其项目中,星级上云其支持政策的具体内容是对在省星级上云企业评定中获批的五星级、四星级、三星级上云企业，分别给予20万元、15万元、5万元的一次性奖励其要求包括是支持市级工业园区提升产业承载能力，对市级工业园区建设两层以上标准厂房(不含企业自建自用厂房)，年度建成面积达1万平方米、2万平方米、3万平方米以上，其项目中,智能制造示范工厂、省级工业互联网标杆工厂、省智能制造示范车间其支持政策的具体内容是对获评省智能制造示范工厂、省级工业互联网标杆工厂、省智能制造示范车间的企业，分别给予150万元、100万元、50万元一次性奖励；其要求包括是支持市级工业园区提升产业承载能力，对市级工业园区建设两层以上标准厂房(不含企业自建自用厂房)，年度建成面积达1万平方米、2万平方米、3万平方米以上，其项目中,市智改数转示范企业其支持政策的具体内容是对获评市智改数转示范企业，给予10一次性奖励其要求包括是支持市级工业园区提升产业承载能力，对市级工业园区建设两层以上标准厂房(不含企业自建自用厂房)，年度建成面积达1万平方米、2万平方米、3万平方米以上，其项目中,省两化融合管理体系贯标其支持政策的具体内容是获得省两化融合管理体系贯标AAA、AA试点（培育）企业，取得两化融合管理体系AAA、AA评定证书，分别给予20万元、10万元一次性奖励。其要求包括是支持市级工业园区提升产业承载能力，对市级工业园区建设两层以上标准厂房(不含企业自建自用厂房)，年度建成面积达1万平方米、2万平方米、3万平方米以上，其项目中,专精特新科技“小巨人”其支持政策的具体内容是对首次获得国家、省级、市级专精特新科技“小巨人”，分别给予100万元、30万元、10万元一次性奖励其要求包括是支持市级工业园区提升产业承载能力，对市级工业园区建设两层以上标准厂房(不含企业自建自用厂房)，年度建成面积达1万平方米、2万平方米、3万平方米以上，其项目中,全国制造业单项冠军企业（产品）其支持政策的具体内容是对首次获得工信部全国制造业单项冠军企业（产品），给予100万元一次性奖励。"
开发区的名为《关于印发<盐城经济技术开发区关于加快“5G+工业互联网”发展若干措施>的通知》的支持政策。,"其发布时间是2021年9月26日。其要求包括是支持市级工业园区提升产业承载能力，对市级工业园区建设两层以上标准厂房(不含企业自建自用厂房)，年度建成面积达1万平方米、2万平方米、3万平方米以上，其项目中,星级上云其支持政策的具体内容是对在省星级上云企业评定中获批的五星级、四星级、三星级上云企业，分别给予50万元、30万元、5万元的一次性奖励其要求包括是支持市级工业园区提升产业承载能力，对市级工业园区建设两层以上标准厂房(不含企业自建自用厂房)，年度建成面积达1万平方米、2万平方米、3万平方米以上，其项目中,工业互联网领域平台其支持政策的具体内容是对新入选国家尧省尧市工业互联网领域平台服务类企业袁分别给予最高100万元尧50万元尧20万元奖励曰对新入选国家尧省尧市工业互联网领域专业服务类企业袁分别给予最高50万元尧20万元尧10万元奖励遥其要求包括是支持市级工业园区提升产业承载能力，对市级工业园区建设两层以上标准厂房(不含企业自建自用厂房)，年度建成面积达1万平方米、2万平方米、3万平方米以上，其项目中,工业互联网标杆工厂、智能工厂其支持政策的具体内容是对新获评并验收通过的国家级尧省级工业互联网标杆工厂或智能工厂项目分别给予500万元尧200万元一次性奖励曰其要求包括是支持市级工业园区提升产业承载能力，对市级工业园区建设两层以上标准厂房(不含企业自建自用厂房)，年度建成面积达1万平方米、2万平方米、3万平方米以上，其项目中,智能车间其支持政策的具体内容是新获评国家级、省级示范智能车间的袁一次性奖励100万元，20万元其要求包括是支持市级工业园区提升产业承载能力，对市级工业园区建设两层以上标准厂房(不含企业自建自用厂房)，年度建成面积达1万平方米、2万平方米、3万平方米以上，其项目中,两化融合管理贯标示范其支持政策的具体内容是对认定的国家两化融合管理贯标示范、试点企业，分别奖励50万元、20万元。对认定的省级两化融合管理体系贯标示范、试点企业，分别奖励15万元、5万元。对当年通过国家两化融合管理体系认定的奖励20万元。对认定的国家两化深度融合创新示范、试点企业，分别奖励50万元、20万元曰对认定的省级两化深度融合创新示范、试点企业分别奖励10万元，5万元。"
大丰的名为《盐城市大丰区规上工业企业智能化改造和数字化转型三年行动计划(2022-2024年)的通知》的支持政策。,"其发布时间是2022年3月12日。其要求包括是支持市级工业园区提升产业承载能力，对市级工业园区建设两层以上标准厂房(不含企业自建自用厂房)，年度建成面积达1万平方米、2万平方米、3万平方米以上，其项目中,星级上云其支持政策的具体内容是对首次认定的省级五星级上云、四星、三星给予50万元、30万、10万一法性奖励。其要求包括是支持市级工业园区提升产业承载能力，对市级工业园区建设两层以上标准厂房(不含企业自建自用厂房)，年度建成面积达1万平方米、2万平方米、3万平方米以上，其项目中,智能工厂、工业互联网发展示范企业其支持政策的具体内容是对建成国家级智能制造示范工厂、工业互联网试点示范、制造业与互联网融合发展示范试点的企业，给予300万元一次性奖励;对建成省级工业互联网平台、工业互联网标杆工厂和智能制造示范工厂的企业，给予200万元一次性奖励。对评为省级以上制造业数字化典型应用场景及实践案例的企业，给予50万元一次性奖励。"
射阳的名为关于印发《支持全县经济高质量发展的奖励办法》的通知的支持政策。,"其发布时间是2021年12月10日。其要求包括是支持市级工业园区提升产业承载能力，对市级工业园区建设两层以上标准厂房(不含企业自建自用厂房)，年度建成面积达1万平方米、2万平方米、3万平方米以上，其项目中,星级上云其支持政策的具体内容是对首次认定为省五星、四星、三星上云企业，分别给予30万元、20万元、5万元一次性奖励。其要求包括是支持市级工业园区提升产业承载能力，对市级工业园区建设两层以上标准厂房(不含企业自建自用厂房)，年度建成面积达1万平方米、2万平方米、3万平方米以上，其项目中,智能车间、智能工厂其支持政策的具体内容是对新认定的国家级、省级“智能工厂”分别给予200万元、100万元一次性奖励，“智能车间”分别给予50万元、30万元的一次性奖励。其要求包括是支持市级工业园区提升产业承载能力，对市级工业园区建设两层以上标准厂房(不含企业自建自用厂房)，年度建成面积达1万平方米、2万平方米、3万平方米以上，其项目中,工业互联网标杆工厂（工业互联网平台）其支持政策的具体内容是对首次认定的国家、省工业互联网标杆工厂（工业互联网平台），分别给予200万元、100万元一次性奖励。其要求包括是支持市级工业园区提升产业承载能力，对市级工业园区建设两层以上标准厂房(不含企业自建自用厂房)，年度建成面积达1万平方米、2万平方米、3万平方米以上，其项目中,两化融合管理体系贯标试点（互联网与工业融合创新示范）其支持政策的具体内容是对首次获评国家和省两化融合管理体系贯标试点（互联网与工业融合创新示范）企业，分别给予30万元、20万元一次性奖励。其要求包括是支持市级工业园区提升产业承载能力，对市级工业园区建设两层以上标准厂房(不含企业自建自用厂房)，年度建成面积达1万平方米、2万平方米、3万平方米以上，其项目中,5G示范项目其支持政策的具体内容是对新列入国家和省5G、工业互联网、大数据、云计算、物联网等试点示范项目的企业，分别给予100万元、30万元一次性奖励。"
建湖的名为《关于促进制造业“智改数转”的激励意见》建政发2022-22号的支持政策。,"其发布时间是2022年4月20日。其要求包括是支持市级工业园区提升产业承载能力，对市级工业园区建设两层以上标准厂房(不含企业自建自用厂房)，年度建成面积达1万平方米、2万平方米、3万平方米以上，其项目中,星级上云其支持政策的具体内容是对在省星级上云企业评定中获批的五星级、四星级、三星级上云企业，分别给予50万元、30万元、5万元的一次性奖励其要求包括是支持市级工业园区提升产业承载能力，对市级工业园区建设两层以上标准厂房(不含企业自建自用厂房)，年度建成面积达1万平方米、2万平方米、3万平方米以上，其项目中,智能工厂、工业互联网标杆工厂（平台）其支持政策的具体内容是对建成国家级智能制造示范工厂、工业互联网示范试点制造业与互联网融合发展示范试点的企业，给予300万元一次性奖励:对建成省级智能制造示范工厂、工业互联网标杆工厂和省重点工业互联网平台的企业，给予200万元一次性奖励;其要求包括是支持市级工业园区提升产业承载能力，对市级工业园区建设两层以上标准厂房(不含企业自建自用厂房)，年度建成面积达1万平方米、2万平方米、3万平方米以上，其项目中,智能车间其支持政策的具体内容是对新认定为省级示范智能车间，奖励20万元。其要求包括是支持市级工业园区提升产业承载能力，对市级工业园区建设两层以上标准厂房(不含企业自建自用厂房)，年度建成面积达1万平方米、2万平方米、3万平方米以上，其项目中,5G+工业互联网”融合应用其支持政策的具体内容是被认定为省“5G+工业互联网”融合应用示范项目的，按实际投资额的20%给予奖励，最高不超过30万元;其要求包括是支持市级工业园区提升产业承载能力，对市级工业园区建设两层以上标准厂房(不含企业自建自用厂房)，年度建成面积达1万平方米、2万平方米、3万平方米以上，其项目中,星级上云其支持政策的具体内容是对在省星级上云企业评定中获批的五星级、四星级上云企业，分别给予20万元、10万元的一次性奖励其要求包括是支持市级工业园区提升产业承载能力，对市级工业园区建设两层以上标准厂房(不含企业自建自用厂房)，年度建成面积达1万平方米、2万平方米、3万平方米以上，其项目中,星级上云其支持政策的具体内容是对在省星级上云企业评定中获批的五星级、四星级、三星级上云企业，分别给予20万元、10万元、5万元的一次性奖励"
郭猛镇的名为《郭猛镇关于提升智能制造推动工业经济高质量发展的激励意见》区级以上政府及部门有专项奖励的，企业可重复享受；的支持政策。,"其发布时间是2020年12月28日。其要求包括是支持市级工业园区提升产业承载能力，对市级工业园区建设两层以上标准厂房(不含企业自建自用厂房)，年度建成面积达1万平方米、2万平方米、3万平方米以上，其项目中,星级上云其支持政策的具体内容是企业首次评定为四星、三星“上云”企业的，分别一次性奖励2万元，1万元。其要求包括是支持市级工业园区提升产业承载能力，对市级工业园区建设两层以上标准厂房(不含企业自建自用厂房)，年度建成面积达1万平方米、2万平方米、3万平方米以上，其项目中,智能工厂、智能车间其支持政策的具体内容是企业首次新认定为国家级、省级示范智能工厂的企业，分别一次性奖励10万元、5万元；对新认定为国家级、省级示范智能车间的，分别一次性奖励5万元、3万元。其要求包括是支持市级工业园区提升产业承载能力，对市级工业园区建设两层以上标准厂房(不含企业自建自用厂房)，年度建成面积达1万平方米、2万平方米、3万平方米以上，其项目中,星级上云其支持政策的具体内容是五星、四星、三星分别一次性奖补50、20、5万元，一年只能拿一次"
