Quary,Answer
"星级上云项目中,宿迁市的支持政策的名称是",《宿迁市建设长三角先进制造业基地 三年行动计划（2021－2023年）》
"星级上云项目中,宿迁市的支持政策发布的时间是",2021年
"星级上云项目中,宿迁市的支持政策的具体内容是",1.对当年获省认定的五星级“上云”企业每户奖励20万元、四星级“上云”企业每户奖励10万元、三星级“上云”企业每户奖励5万元。
"智能工厂、智能车间项目中,宿迁市的支持政策的具体内容是",2.对获批省级示范智能工厂的，奖励200万元。对获批省级示范智能车间的奖励50万元，市级示范智能车间的择优奖励5万元。
"两化（深度）融合类示范试点项目中,宿迁市的支持政策的具体内容是",3.鼓励企业实施两化融合管理体系贯标2.0，对当年通过两化融合管理体系贯标评定的企业，按照评定分级，5A级、4A级、3A级、2A级分别奖励20万元、15万元、10万元、5万元
"工业互联网示范试点类企业（工业互联网重点平台、工业互联网标杆工厂、工业互联网典型应用企业、工业互联网专业服务商等）项目中,宿迁市的支持政策的具体内容是",4.对当年获省、市认定的工业互联网标杆工厂分别奖励50万元、5万元
"专精特新小巨人、单项冠军项目中,宿迁市的支持政策的具体内容是",5.支持企业争创国家制造业单项冠军企业（产品）和省级以上“专精特新”小巨人企业（产品），对获批国家级的奖励100万元，获批省级的奖励30万元。对首次入选省独角兽、潜在独角兽、瞪羚企业的，分别给予200万、100万、50万元奖励。
"两化融合贯标项目中,宿迁市的支持政策的具体内容是",对当年通过两化融合管理体系贯标评定的企业，按照评定分级，5A级、4A级、3A级、2A级分别奖励20万元、15万元、10万元、5万元。
"智能制造示范工厂项目中,宿迁市的支持政策的名称是",1、《关于2021年度支持苏北五市制造业智改数转资金项目遴选的通知》（苏工信综合〔2021〕609号）2、《关于2021年度省切块制造业智改数转资金项目申报的通知》宿工信发〔2022〕3号
"智能制造示范工厂项目中,宿迁市的支持政策发布的时间是",2021年、2022年
"智能制造示范工厂项目中,宿迁市的支持政策的具体内容是",1、获批江苏省智能制造示范工厂2、有智能化改造/建设项目，项目已开工建设，项目备案（核准）、环评、能评、安评、规划、土地等手续完备3、2021年1月1日—2021年12月31日期间引进和购置先进智能设备的有效投入不低于1000万元4、按有效投入的10%予以补助。原则上单个项目补助标准最低金额不得低于100万元
"工业互联网标杆工厂项目中,宿迁市的支持政策的具体内容是",1、企业已获得国家或省工业互联网标杆工厂、省四星级及以上上云企业和通过两化融合管理体系贯标认定（证书状态为有效）等2、2021年项目总投入不低于1000万元（不含税），其中软件投入占比不低于10%3、按有效投入的10%予以补助。原则上单个项目补助标准最低金额不得低于100万元，最高不超过200万元。
"5G+工业互联网融合应用项目项目中,宿迁市的支持政策的具体内容是",1、2021 年项目总投入不低于 1000 万元2、项目已开工建设且尚未建成（即后续仍有投入），须在2022年底前建设完成。项目建设主体与电信运营企业已签订5G网络建设或租赁合同。3、优先支持市“5G+工业互联网”项目库项目4、按有效投入的10%予以补助。原则上单个项目补助标准最低金额不得低于100万元，最高不超过200万元。
