Quary,Answer
"星级上云项目中,句容市的支持政策的名称是",《关于组织开展2022首批星级上云企业创建工作的通知》
"星级上云项目中,句容市的支持政策发布的时间是",2022年2月23日
"星级上云项目中,句容市的支持政策的具体内容是",一、申报条件（一）基本条件。企业在镇江市内注册，具有独立的法人资格，并具备健全的财务管理机构和制度，信用良好、无违法记录。 （二）上云形式和内容。三星级上云企业：应通过采购公有云服务（工业互联网平台）的形式上云，应用基础云服务及工业APP，将基础、设计、生产、物流、销售、服务等业务和数据向云端迁移，实现降本提质增效。四星级和五星级上云企业：应通过采购公有云服务（工业互联网平台）、自建私有云或以混合云形式上云。其中，四星级上云企业应通过高能耗设备、通用动力设备、新能源设备、智能装备等工业设备上云，结合边缘侧对数据处理和分析，实现设备管理、数据监控、决策优化等；五星级上云企业应基于基础云服务和设备上云，进一步应用云计算、大数据、物联网、人工智能、区块链等新一代信息技术，实现市场交易分析和预测、产品/设备远程监控与运维、产品质量管控及工艺优化等基于“数据+模型”的创新应用。（三）申报要求。企业根据自身上云建设应用实际情况，可且只可申报三星级、四星级、五星级中任意一类星级上云企业。其中：未被评定为星级上云企业的可申报三星级、四星级上云企业中的任意一类星级上云企业；已评定为三星级上云企业的，可再次申报四星级上云企业；申报五星级上云企业须已评定为四星级上云企业；已经评定为星级上云企业的不得重复申报同一等次及以下星级上云企业。申报企业所填报的各项云服务均已连续使用不少于3个月且申报时仍在使用（上云时间计算截止到2022年2月28日）；上云投入按2021年1月1日至2022年2月28日期间实际付款金额计算（附件2）。具体申报要求详见《江苏省星级上云企业评定工作指南（2022年版）》（附件3）。二、申报流程（一）企业申报。江苏省工业互联网示范企业公共服务平台（简称：苏工服平台，www.dxplat.com）将于2022年2月28日开通，企业申报截止时间为2022年4月6日。请各申报企业按照时间要求在平台中填报申报信息，并严格按照星级上云企业申报要求如实在平台上传项目申报电子版材料（附件4、5、6），确保项目和申报材料真实、客观。（二）审核报送。各级工信部门依托苏工服平台，线上开展项目审核、评定、推荐等。各地工信部门按照要求严格开展申报项目审核及线上报送。三星级、四星级上云企业由市工信局组织评定。五星级上云企业由市工信局组织初审和推荐报送省工信厅，由省工信厅组织开展五星级上云企业评定工作。三、其他事项1.各地工信部门根据《江苏省星级上云企业评定工作指南（2022年版）》，抓紧做好本地星级上云企业培育组织、发动工作，确保完成年度创建目标任务。2.各地工信部门应按照不低于申报企业总数10%的比例对申报企业进行现场核查，核查应当三星级、四星级、五星级全面覆盖。市工信局将对申报企业进行抽查。3.各地工信部门组织相关单位严格根据本次星级上云企业申报材料内容、格式等要求和规范，按规定的时间节点做好项目申报材料的准备、上传、审核、报送等工作。4.省工信厅将组织对2021年评定的省星级上云企业进行抽查。
"智能工厂、智能车间项目中,句容市的支持政策的名称是",《关于组织开展2022首批星级上云企业创建工作的通知》
"智能工厂、智能车间项目中,句容市的支持政策发布的时间是",2022年2月23日
"智能工厂、智能车间项目中,句容市的支持政策的具体内容是",一、申报条件（一）基本条件。企业在镇江市内注册，具有独立的法人资格，并具备健全的财务管理机构和制度，信用良好、无违法记录。 （二）上云形式和内容。三星级上云企业：应通过采购公有云服务（工业互联网平台）的形式上云，应用基础云服务及工业APP，将基础、设计、生产、物流、销售、服务等业务和数据向云端迁移，实现降本提质增效。四星级和五星级上云企业：应通过采购公有云服务（工业互联网平台）、自建私有云或以混合云形式上云。其中，四星级上云企业应通过高能耗设备、通用动力设备、新能源设备、智能装备等工业设备上云，结合边缘侧对数据处理和分析，实现设备管理、数据监控、决策优化等；五星级上云企业应基于基础云服务和设备上云，进一步应用云计算、大数据、物联网、人工智能、区块链等新一代信息技术，实现市场交易分析和预测、产品/设备远程监控与运维、产品质量管控及工艺优化等基于“数据+模型”的创新应用。（三）申报要求。企业根据自身上云建设应用实际情况，可且只可申报三星级、四星级、五星级中任意一类星级上云企业。其中：未被评定为星级上云企业的可申报三星级、四星级上云企业中的任意一类星级上云企业；已评定为三星级上云企业的，可再次申报四星级上云企业；申报五星级上云企业须已评定为四星级上云企业；已经评定为星级上云企业的不得重复申报同一等次及以下星级上云企业。申报企业所填报的各项云服务均已连续使用不少于3个月且申报时仍在使用（上云时间计算截止到2022年2月28日）；上云投入按2021年1月1日至2022年2月28日期间实际付款金额计算（附件2）。具体申报要求详见《江苏省星级上云企业评定工作指南（2022年版）》（附件3）。二、申报流程（一）企业申报。江苏省工业互联网示范企业公共服务平台（简称：苏工服平台，www.dxplat.com）将于2022年2月28日开通，企业申报截止时间为2022年4月6日。请各申报企业按照时间要求在平台中填报申报信息，并严格按照星级上云企业申报要求如实在平台上传项目申报电子版材料（附件4、5、6），确保项目和申报材料真实、客观。（二）审核报送。各级工信部门依托苏工服平台，线上开展项目审核、评定、推荐等。各地工信部门按照要求严格开展申报项目审核及线上报送。三星级、四星级上云企业由市工信局组织评定。五星级上云企业由市工信局组织初审和推荐报送省工信厅，由省工信厅组织开展五星级上云企业评定工作。三、其他事项1.各地工信部门根据《江苏省星级上云企业评定工作指南（2022年版）》，抓紧做好本地星级上云企业培育组织、发动工作，确保完成年度创建目标任务。2.各地工信部门应按照不低于申报企业总数10%的比例对申报企业进行现场核查，核查应当三星级、四星级、五星级全面覆盖。市工信局将对申报企业进行抽查。3.各地工信部门组织相关单位严格根据本次星级上云企业申报材料内容、格式等要求和规范，按规定的时间节点做好项目申报材料的准备、上传、审核、报送等工作。4.省工信厅将组织对2021年评定的省星级上云企业进行抽查。
"两化（深度）融合类示范试点项目中,句容市的支持政策的名称是",《关于组织开展2022首批星级上云企业创建工作的通知》
"两化（深度）融合类示范试点项目中,句容市的支持政策发布的时间是",2022年2月23日
"两化（深度）融合类示范试点项目中,句容市的支持政策的具体内容是",一、申报条件（一）基本条件。企业在镇江市内注册，具有独立的法人资格，并具备健全的财务管理机构和制度，信用良好、无违法记录。 （二）上云形式和内容。三星级上云企业：应通过采购公有云服务（工业互联网平台）的形式上云，应用基础云服务及工业APP，将基础、设计、生产、物流、销售、服务等业务和数据向云端迁移，实现降本提质增效。四星级和五星级上云企业：应通过采购公有云服务（工业互联网平台）、自建私有云或以混合云形式上云。其中，四星级上云企业应通过高能耗设备、通用动力设备、新能源设备、智能装备等工业设备上云，结合边缘侧对数据处理和分析，实现设备管理、数据监控、决策优化等；五星级上云企业应基于基础云服务和设备上云，进一步应用云计算、大数据、物联网、人工智能、区块链等新一代信息技术，实现市场交易分析和预测、产品/设备远程监控与运维、产品质量管控及工艺优化等基于“数据+模型”的创新应用。（三）申报要求。企业根据自身上云建设应用实际情况，可且只可申报三星级、四星级、五星级中任意一类星级上云企业。其中：未被评定为星级上云企业的可申报三星级、四星级上云企业中的任意一类星级上云企业；已评定为三星级上云企业的，可再次申报四星级上云企业；申报五星级上云企业须已评定为四星级上云企业；已经评定为星级上云企业的不得重复申报同一等次及以下星级上云企业。申报企业所填报的各项云服务均已连续使用不少于3个月且申报时仍在使用（上云时间计算截止到2022年2月28日）；上云投入按2021年1月1日至2022年2月28日期间实际付款金额计算（附件2）。具体申报要求详见《江苏省星级上云企业评定工作指南（2022年版）》（附件3）。二、申报流程（一）企业申报。江苏省工业互联网示范企业公共服务平台（简称：苏工服平台，www.dxplat.com）将于2022年2月28日开通，企业申报截止时间为2022年4月6日。请各申报企业按照时间要求在平台中填报申报信息，并严格按照星级上云企业申报要求如实在平台上传项目申报电子版材料（附件4、5、6），确保项目和申报材料真实、客观。（二）审核报送。各级工信部门依托苏工服平台，线上开展项目审核、评定、推荐等。各地工信部门按照要求严格开展申报项目审核及线上报送。三星级、四星级上云企业由市工信局组织评定。五星级上云企业由市工信局组织初审和推荐报送省工信厅，由省工信厅组织开展五星级上云企业评定工作。三、其他事项1.各地工信部门根据《江苏省星级上云企业评定工作指南（2022年版）》，抓紧做好本地星级上云企业培育组织、发动工作，确保完成年度创建目标任务。2.各地工信部门应按照不低于申报企业总数10%的比例对申报企业进行现场核查，核查应当三星级、四星级、五星级全面覆盖。市工信局将对申报企业进行抽查。3.各地工信部门组织相关单位严格根据本次星级上云企业申报材料内容、格式等要求和规范，按规定的时间节点做好项目申报材料的准备、上传、审核、报送等工作。4.省工信厅将组织对2021年评定的省星级上云企业进行抽查。
"工业互联网示范试点类企业（工业互联网重点平台、工业互联网标杆工厂、工业互联网典型应用企业、工业互联网专业服务商等）项目中,句容市的支持政策的名称是",《关于组织开展2022首批星级上云企业创建工作的通知》
"工业互联网示范试点类企业（工业互联网重点平台、工业互联网标杆工厂、工业互联网典型应用企业、工业互联网专业服务商等）项目中,句容市的支持政策发布的时间是",2022年2月23日
"工业互联网示范试点类企业（工业互联网重点平台、工业互联网标杆工厂、工业互联网典型应用企业、工业互联网专业服务商等）项目中,句容市的支持政策的具体内容是",一、申报条件（一）基本条件。企业在镇江市内注册，具有独立的法人资格，并具备健全的财务管理机构和制度，信用良好、无违法记录。 （二）上云形式和内容。三星级上云企业：应通过采购公有云服务（工业互联网平台）的形式上云，应用基础云服务及工业APP，将基础、设计、生产、物流、销售、服务等业务和数据向云端迁移，实现降本提质增效。四星级和五星级上云企业：应通过采购公有云服务（工业互联网平台）、自建私有云或以混合云形式上云。其中，四星级上云企业应通过高能耗设备、通用动力设备、新能源设备、智能装备等工业设备上云，结合边缘侧对数据处理和分析，实现设备管理、数据监控、决策优化等；五星级上云企业应基于基础云服务和设备上云，进一步应用云计算、大数据、物联网、人工智能、区块链等新一代信息技术，实现市场交易分析和预测、产品/设备远程监控与运维、产品质量管控及工艺优化等基于“数据+模型”的创新应用。（三）申报要求。企业根据自身上云建设应用实际情况，可且只可申报三星级、四星级、五星级中任意一类星级上云企业。其中：未被评定为星级上云企业的可申报三星级、四星级上云企业中的任意一类星级上云企业；已评定为三星级上云企业的，可再次申报四星级上云企业；申报五星级上云企业须已评定为四星级上云企业；已经评定为星级上云企业的不得重复申报同一等次及以下星级上云企业。申报企业所填报的各项云服务均已连续使用不少于3个月且申报时仍在使用（上云时间计算截止到2022年2月28日）；上云投入按2021年1月1日至2022年2月28日期间实际付款金额计算（附件2）。具体申报要求详见《江苏省星级上云企业评定工作指南（2022年版）》（附件3）。二、申报流程（一）企业申报。江苏省工业互联网示范企业公共服务平台（简称：苏工服平台，www.dxplat.com）将于2022年2月28日开通，企业申报截止时间为2022年4月6日。请各申报企业按照时间要求在平台中填报申报信息，并严格按照星级上云企业申报要求如实在平台上传项目申报电子版材料（附件4、5、6），确保项目和申报材料真实、客观。（二）审核报送。各级工信部门依托苏工服平台，线上开展项目审核、评定、推荐等。各地工信部门按照要求严格开展申报项目审核及线上报送。三星级、四星级上云企业由市工信局组织评定。五星级上云企业由市工信局组织初审和推荐报送省工信厅，由省工信厅组织开展五星级上云企业评定工作。三、其他事项1.各地工信部门根据《江苏省星级上云企业评定工作指南（2022年版）》，抓紧做好本地星级上云企业培育组织、发动工作，确保完成年度创建目标任务。2.各地工信部门应按照不低于申报企业总数10%的比例对申报企业进行现场核查，核查应当三星级、四星级、五星级全面覆盖。市工信局将对申报企业进行抽查。3.各地工信部门组织相关单位严格根据本次星级上云企业申报材料内容、格式等要求和规范，按规定的时间节点做好项目申报材料的准备、上传、审核、报送等工作。4.省工信厅将组织对2021年评定的省星级上云企业进行抽查。
"服务型制造示范企业企业项目中,句容市的支持政策的名称是",《关于组织开展2022首批星级上云企业创建工作的通知》
"服务型制造示范企业项目中,句容市的支持政策发布的时间是",2022年2月23日
"服务型制造示范企业项目中,句容市的支持政策的具体内容是",一、申报条件（一）基本条件。企业在镇江市内注册，具有独立的法人资格，并具备健全的财务管理机构和制度，信用良好、无违法记录。 （二）上云形式和内容。三星级上云企业：应通过采购公有云服务（工业互联网平台）的形式上云，应用基础云服务及工业APP，将基础、设计、生产、物流、销售、服务等业务和数据向云端迁移，实现降本提质增效。四星级和五星级上云企业：应通过采购公有云服务（工业互联网平台）、自建私有云或以混合云形式上云。其中，四星级上云企业应通过高能耗设备、通用动力设备、新能源设备、智能装备等工业设备上云，结合边缘侧对数据处理和分析，实现设备管理、数据监控、决策优化等；五星级上云企业应基于基础云服务和设备上云，进一步应用云计算、大数据、物联网、人工智能、区块链等新一代信息技术，实现市场交易分析和预测、产品/设备远程监控与运维、产品质量管控及工艺优化等基于“数据+模型”的创新应用。（三）申报要求。企业根据自身上云建设应用实际情况，可且只可申报三星级、四星级、五星级中任意一类星级上云企业。其中：未被评定为星级上云企业的可申报三星级、四星级上云企业中的任意一类星级上云企业；已评定为三星级上云企业的，可再次申报四星级上云企业；申报五星级上云企业须已评定为四星级上云企业；已经评定为星级上云企业的不得重复申报同一等次及以下星级上云企业。申报企业所填报的各项云服务均已连续使用不少于3个月且申报时仍在使用（上云时间计算截止到2022年2月28日）；上云投入按2021年1月1日至2022年2月28日期间实际付款金额计算（附件2）。具体申报要求详见《江苏省星级上云企业评定工作指南（2022年版）》（附件3）。二、申报流程（一）企业申报。江苏省工业互联网示范企业公共服务平台（简称：苏工服平台，www.dxplat.com）将于2022年2月28日开通，企业申报截止时间为2022年4月6日。请各申报企业按照时间要求在平台中填报申报信息，并严格按照星级上云企业申报要求如实在平台上传项目申报电子版材料（附件4、5、6），确保项目和申报材料真实、客观。（二）审核报送。各级工信部门依托苏工服平台，线上开展项目审核、评定、推荐等。各地工信部门按照要求严格开展申报项目审核及线上报送。三星级、四星级上云企业由市工信局组织评定。五星级上云企业由市工信局组织初审和推荐报送省工信厅，由省工信厅组织开展五星级上云企业评定工作。三、其他事项1.各地工信部门根据《江苏省星级上云企业评定工作指南（2022年版）》，抓紧做好本地星级上云企业培育组织、发动工作，确保完成年度创建目标任务。2.各地工信部门应按照不低于申报企业总数10%的比例对申报企业进行现场核查，核查应当三星级、四星级、五星级全面覆盖。市工信局将对申报企业进行抽查。3.各地工信部门组织相关单位严格根据本次星级上云企业申报材料内容、格式等要求和规范，按规定的时间节点做好项目申报材料的准备、上传、审核、报送等工作。4.省工信厅将组织对2021年评定的省星级上云企业进行抽查。
"专精特新小巨人企业项目中,句容市的支持政策的名称是",《关于组织开展2022首批星级上云企业创建工作的通知》
"专精特新小巨人企业项目中,句容市的支持政策发布的时间是",2022年2月23日
"专精特新小巨人企业项目中,句容市的支持政策的具体内容是",一、申报条件（一）基本条件。企业在镇江市内注册，具有独立的法人资格，并具备健全的财务管理机构和制度，信用良好、无违法记录。 （二）上云形式和内容。三星级上云企业：应通过采购公有云服务（工业互联网平台）的形式上云，应用基础云服务及工业APP，将基础、设计、生产、物流、销售、服务等业务和数据向云端迁移，实现降本提质增效。四星级和五星级上云企业：应通过采购公有云服务（工业互联网平台）、自建私有云或以混合云形式上云。其中，四星级上云企业应通过高能耗设备、通用动力设备、新能源设备、智能装备等工业设备上云，结合边缘侧对数据处理和分析，实现设备管理、数据监控、决策优化等；五星级上云企业应基于基础云服务和设备上云，进一步应用云计算、大数据、物联网、人工智能、区块链等新一代信息技术，实现市场交易分析和预测、产品/设备远程监控与运维、产品质量管控及工艺优化等基于“数据+模型”的创新应用。（三）申报要求。企业根据自身上云建设应用实际情况，可且只可申报三星级、四星级、五星级中任意一类星级上云企业。其中：未被评定为星级上云企业的可申报三星级、四星级上云企业中的任意一类星级上云企业；已评定为三星级上云企业的，可再次申报四星级上云企业；申报五星级上云企业须已评定为四星级上云企业；已经评定为星级上云企业的不得重复申报同一等次及以下星级上云企业。申报企业所填报的各项云服务均已连续使用不少于3个月且申报时仍在使用（上云时间计算截止到2022年2月28日）；上云投入按2021年1月1日至2022年2月28日期间实际付款金额计算（附件2）。具体申报要求详见《江苏省星级上云企业评定工作指南（2022年版）》（附件3）。二、申报流程（一）企业申报。江苏省工业互联网示范企业公共服务平台（简称：苏工服平台，www.dxplat.com）将于2022年2月28日开通，企业申报截止时间为2022年4月6日。请各申报企业按照时间要求在平台中填报申报信息，并严格按照星级上云企业申报要求如实在平台上传项目申报电子版材料（附件4、5、6），确保项目和申报材料真实、客观。（二）审核报送。各级工信部门依托苏工服平台，线上开展项目审核、评定、推荐等。各地工信部门按照要求严格开展申报项目审核及线上报送。三星级、四星级上云企业由市工信局组织评定。五星级上云企业由市工信局组织初审和推荐报送省工信厅，由省工信厅组织开展五星级上云企业评定工作。三、其他事项1.各地工信部门根据《江苏省星级上云企业评定工作指南（2022年版）》，抓紧做好本地星级上云企业培育组织、发动工作，确保完成年度创建目标任务。2.各地工信部门应按照不低于申报企业总数10%的比例对申报企业进行现场核查，核查应当三星级、四星级、五星级全面覆盖。市工信局将对申报企业进行抽查。3.各地工信部门组织相关单位严格根据本次星级上云企业申报材料内容、格式等要求和规范，按规定的时间节点做好项目申报材料的准备、上传、审核、报送等工作。4.省工信厅将组织对2021年评定的省星级上云企业进行抽查。
"单项冠军示范（培育）企业项目中,句容市的支持政策的名称是",《关于组织开展2022首批星级上云企业创建工作的通知》
"单项冠军示范（培育）企业项目中,句容市的支持政策发布的时间是",2022年2月23日
"单项冠军示范（培育）企业项目中,句容市的支持政策的具体内容是",一、申报条件（一）基本条件。企业在镇江市内注册，具有独立的法人资格，并具备健全的财务管理机构和制度，信用良好、无违法记录。 （二）上云形式和内容。三星级上云企业：应通过采购公有云服务（工业互联网平台）的形式上云，应用基础云服务及工业APP，将基础、设计、生产、物流、销售、服务等业务和数据向云端迁移，实现降本提质增效。四星级和五星级上云企业：应通过采购公有云服务（工业互联网平台）、自建私有云或以混合云形式上云。其中，四星级上云企业应通过高能耗设备、通用动力设备、新能源设备、智能装备等工业设备上云，结合边缘侧对数据处理和分析，实现设备管理、数据监控、决策优化等；五星级上云企业应基于基础云服务和设备上云，进一步应用云计算、大数据、物联网、人工智能、区块链等新一代信息技术，实现市场交易分析和预测、产品/设备远程监控与运维、产品质量管控及工艺优化等基于“数据+模型”的创新应用。（三）申报要求。企业根据自身上云建设应用实际情况，可且只可申报三星级、四星级、五星级中任意一类星级上云企业。其中：未被评定为星级上云企业的可申报三星级、四星级上云企业中的任意一类星级上云企业；已评定为三星级上云企业的，可再次申报四星级上云企业；申报五星级上云企业须已评定为四星级上云企业；已经评定为星级上云企业的不得重复申报同一等次及以下星级上云企业。申报企业所填报的各项云服务均已连续使用不少于3个月且申报时仍在使用（上云时间计算截止到2022年2月28日）；上云投入按2021年1月1日至2022年2月28日期间实际付款金额计算（附件2）。具体申报要求详见《江苏省星级上云企业评定工作指南（2022年版）》（附件3）。二、申报流程（一）企业申报。江苏省工业互联网示范企业公共服务平台（简称：苏工服平台，www.dxplat.com）将于2022年2月28日开通，企业申报截止时间为2022年4月6日。请各申报企业按照时间要求在平台中填报申报信息，并严格按照星级上云企业申报要求如实在平台上传项目申报电子版材料（附件4、5、6），确保项目和申报材料真实、客观。（二）审核报送。各级工信部门依托苏工服平台，线上开展项目审核、评定、推荐等。各地工信部门按照要求严格开展申报项目审核及线上报送。三星级、四星级上云企业由市工信局组织评定。五星级上云企业由市工信局组织初审和推荐报送省工信厅，由省工信厅组织开展五星级上云企业评定工作。三、其他事项1.各地工信部门根据《江苏省星级上云企业评定工作指南（2022年版）》，抓紧做好本地星级上云企业培育组织、发动工作，确保完成年度创建目标任务。2.各地工信部门应按照不低于申报企业总数10%的比例对申报企业进行现场核查，核查应当三星级、四星级、五星级全面覆盖。市工信局将对申报企业进行抽查。3.各地工信部门组织相关单位严格根据本次星级上云企业申报材料内容、格式等要求和规范，按规定的时间节点做好项目申报材料的准备、上传、审核、报送等工作。4.省工信厅将组织对2021年评定的省星级上云企业进行抽查。
"星级上云项目中,镇江市的支持政策的名称是",《句容市关于推进产业强市加快实体经济发展的若干政策意见》
"星级上云项目中,镇江市的支持政策发布的时间是",2020年5月27日
"星级上云项目中,镇江市的支持政策的具体内容是",1.按照实际投入金额20%奖补
"智能工厂、智能车间项目中,镇江市的支持政策的具体内容是",2.通过智能车间奖励15万元
"两化（深度）融合类示范试点项目中,镇江市的支持政策的具体内容是",3.通过省级以上两化融合贯标试点评定的企业给予15万元补助。
"工业互联网示范试点类企业（工业互联网重点平台、工业互联网标杆工厂、工业互联网典型应用企业、工业互联网专业服务商等）项目中,镇江市的支持政策的具体内容是",4.对认定为省级以上 工业互联网标杆工厂的企业，给予5万元补助。
"单项冠军示范（培育）企业项目中,镇江市的支持政策的具体内容是",5.对认定为国家级单项冠军示范（培育）企业、国家级单项冠军产品，分别给予100万元、50万元补助；
"服务型制造示范企业项目中,镇江市的支持政策的具体内容是",6.对认定为国家级、省级服务型制造示范企业，分别给予10万元、5万元补助；
"专精特新小巨人企业项目中,镇江市的支持政策的具体内容是",7.对认定为国家级、省级、镇江市级专精特新小巨人企业，分别给予20万元、10万元、5万元补助；
"星级上云项目中,镇江市的支持政策的名称是",关于支持制造业智能化改造和数字化转型的若干政策措施
"星级上云项目中,镇江市的支持政策发布的时间是",2022年3月29日
"星级上云项目中,镇江市的支持政策的具体内容是",对获评省五星级、四星级的上云企业，分别给予不高于 8 万元、3 万元的补贴；
"智能车间项目中,镇江市的支持政策的具体内容是",对获评省级智能制造示范车间的企业给予 20 万元的奖励；
"两化融合贯标项目中,镇江市的支持政策的具体内容是",对获得国家两化融合管理体系贯标的企业给予不高于 3 万元的补贴；
"工业互联网平台、工业互联网标杆工厂项目中,镇江市的支持政策的具体内容是",对获评省级工业互联网平台、工业互联网标杆工厂的企业给予 20 万元的奖励。
"“双跨”平台项目中,镇江市的支持政策的具体内容是",对获评国家级“双跨”平台给予 100 万元奖励，省级给予 50 万元奖励。
"星级上云项目中,镇江市的支持政策的名称是",关于组织开展2022年度第二批省星级上云企业创建工作的通知（市工信局）
"星级上云项目中,镇江市的支持政策发布的时间是",2022年10月9日
"星级上云项目中,镇江市的支持政策的具体内容是",江苏省工业互联网示范企业公共服务平台 (简称：苏工服平台，www.dxplat.com)将于2022年10月9日开通。申报信息填报截止时间为2022年11月1日24:00。请各地工信部门组织相关单位严格根据本次星级上云企业申报材料内容、格式等要求和规范（企业申报材料模板可通过江苏省工信厅官网“文件通知”栏目或镇江市工信局官网“通知公示”栏目下载），按规定的时间节点做好项目申报材料的准备、上传、审核、报送等工作。
